"ref_name","ARO Term","ARO Accession","NCBI","init_final","CVTERM ID","ARO Name","Protein Accession","DNA Accession","AMR Gene Family","Drug Class","Resistance Mechanism"
"APH_3___IIIa.3002647.CP004067.52914_53709.233","APH_3___IIIa",3002647,"CP004067","52914_53709",39047,"APH(3')-IIIa","AGV10830.1","CP004067","APH(3')","aminoglycoside antibiotic","antibiotic inactivation"
"CblA_1.3002999.GQ343019.132_1023.1188","CblA_1",3002999,"GQ343019","132_1023",39433,"CblA-1","ACT97415.1","GQ343019","CblA beta-lactamase","cephalosporin","antibiotic inactivation"
"CfxA2.3003002.AF118110.1.71_1037.4470","CfxA2",3003002,"AF118110 . 1","71_1037",39436,"CfxA2","AAD23513.1","AF118110.1","CfxA beta-lactamase","cephamycin","antibiotic inactivation"
"CfxA6.3003097.GQ342996.797_1793.1744","CfxA6",3003097,"GQ342996","797_1793",39650,"CfxA6","ACT97371.1","GQ342996","CfxA beta-lactamase","cephamycin","antibiotic inactivation"
"Clostridioides_difficile_23S.3004654.NR_076234.1.0_2900.5518","Clostridioides_difficile_23S",3004654,"NR_076234 . 1","0_2900",42686,"Clostridioides difficile 23S rRNA with mutation conferring resistance to erythromycin and clindamycin",NA,"NR_076234.1","23S rRNA with mutation conferring resistance to macrolide antibiotics","glycopeptide antibiotic;lincosamide antibiotic;macrolide antibiotic;phenicol antibiotic;pleuromutilin antibiotic;streptogramin antibiotic","antibiotic target alteration"
"ErmB.3000375.AF242872.1.2131_2878.5828","ErmB",3000375,"AF242872 . 1","2131_2878",36514,"ErmB","AAF86219.1","AF242872.1","Erm 23S ribosomal RNA methyltransferase","lincosamide antibiotic;macrolide antibiotic;streptogramin antibiotic","antibiotic target alteration"
"ErmF.3000498.M17124.1181_1982.593","ErmF",3000498,"M17124","1181_1982",36637,"ErmF","AAA88675.1","M17124","Erm 23S ribosomal RNA methyltransferase","lincosamide antibiotic;macrolide antibiotic;streptogramin antibiotic","antibiotic target alteration"
"ErmG.3000522.L42817.201_936.590","ErmG",3000522,"L42817","201_936",36661,"ErmG","AAC37034.1","L42817","Erm 23S ribosomal RNA methyltransferase","lincosamide antibiotic;macrolide antibiotic;streptogramin antibiotic","antibiotic target alteration"
"Mef_En2_.3004659.AF251288.1.794_2000.5539","Mef_En2_",3004659,"AF251288 . 1","794_2000",42698,"Mef(En2)","AAF74725.1","AF251288.1","major facilitator superfamily (MFS) antibiotic efflux pump","macrolide antibiotic","antibiotic efflux"
"Moraxella_catarrhalis_23S.3004138.CP002005.1.317713_320869.5678","Moraxella_catarrhalis_23S",3004138,"CP002005 . 1","317713_320869",41265,"Moraxella catarrhalis 23S rRNA with mutation conferring resistance to macrolide antibiotics",NA,"CP002005.1","23S rRNA with mutation conferring resistance to macrolide antibiotics","glycopeptide antibiotic;lincosamide antibiotic;macrolide antibiotic;phenicol antibiotic;pleuromutilin antibiotic;streptogramin antibiotic","antibiotic target alteration"
"Mycobacteroides_chelonae_16S.3003518.NR_114659.1.1_1441.3271","Mycobacteroides_chelonae_16S",3003518,"NR_114659 . 1","1_1441",40120,"Mycobacteroides chelonae 16S rRNA mutation conferring resistance to neomycin",NA,"NR_114659.1","16s rRNA with mutation conferring resistance to aminoglycoside antibiotics","aminoglycoside antibiotic;glycopeptide antibiotic;glycylcycline;nucleoside antibiotic;peptide antibiotic;tetracycline antibiotic","antibiotic target alteration"
"Mycoplasma_hominis_23S.3004176.CP011538.1.333282_336166.4166","Mycoplasma_hominis_23S",3004176,"CP011538 . 1","333282_336166",41327,"Mycoplasma hominis 23S rRNA with mutation conferring resistance to macrolide antibiotics",NA,"CP011538.1","23S rRNA with mutation conferring resistance to macrolide antibiotics","glycopeptide antibiotic;lincosamide antibiotic;macrolide antibiotic;phenicol antibiotic;pleuromutilin antibiotic;streptogramin antibiotic","antibiotic target alteration"
"Neisseria_gonorrhoeae_23S.3004836.NR_103957.0_2910.5918","Neisseria_gonorrhoeae_23S",3004836,"NR_103957","0_2910",42966,"Neisseria gonorrhoeae 23S rRNA with mutation conferring resistance to azithromycin",NA,"NR_103957","23S rRNA with mutation conferring resistance to macrolide antibiotics","glycopeptide antibiotic;lincosamide antibiotic;macrolide antibiotic;phenicol antibiotic;pleuromutilin antibiotic;streptogramin antibiotic","antibiotic target alteration"
"Neisseria_meningitidis_16S.3003497.NC_003112.60970_62514.4137","Neisseria_meningitidis_16S",3003497,"NC_003112","60970_62514",40099,"Neisseria meningitidis 16S rRNA mutation conferring resistance to spectinomycin",NA,"NC_003112","16s rRNA with mutation conferring resistance to aminoglycoside antibiotics","aminoglycoside antibiotic;glycopeptide antibiotic;glycylcycline;nucleoside antibiotic;peptide antibiotic;tetracycline antibiotic","antibiotic target alteration"
"Pasteurella_multocida_16S.3003493.NC_002663.1.341427_342977.3252","Pasteurella_multocida_16S",3003493,"NC_002663 . 1","341427_342977",40095,"Pasteurella multocida 16S rRNA mutation conferring resistance to spectinomycin",NA,"NC_002663.1","16s rRNA with mutation conferring resistance to aminoglycoside antibiotics","aminoglycoside antibiotic;glycopeptide antibiotic;glycylcycline;nucleoside antibiotic;peptide antibiotic;tetracycline antibiotic","antibiotic target alteration"
"SAT_4.3002897.U01945.373_916.459","SAT_4",3002897,"U01945","373_916",39331,"SAT-4","AAB53445.1","U01945","streptothricin acetyltransferase (SAT)","nucleoside antibiotic","antibiotic inactivation"
"Staphylococcus_aureus_23S.3004058.NZ_CP009828.1.497113_500039.4128","Staphylococcus_aureus_23S",3004058,"NZ_CP009828 . 1","497113_500039",41124,"Staphylococcus aureus 23S rRNA with mutation conferring resistance to linezolid",NA,"NZ_CP009828.1","23S rRNA with mutation conferring resistance to linezolid antibiotics","glycopeptide antibiotic;lincosamide antibiotic;macrolide antibiotic;oxazolidinone antibiotic;phenicol antibiotic;pleuromutilin antibiotic;streptogramin antibiotic","antibiotic target alteration"
"Streptococcus_pneumoniae_23S.3004181.NZ_CP018138.1.1692408_1695312.4171","Streptococcus_pneumoniae_23S",3004181,"NZ_CP018138 . 1","1692408_1695312",41334,"Streptococcus pneumoniae 23S rRNA mutation conferring resistance to macrolides and streptogramins antibiotics",NA,"NZ_CP018138.1","23S rRNA with mutation conferring resistance to macrolide antibiotics;23S rRNA with mutation conferring resistance to streptogramins antibiotics","glycopeptide antibiotic;lincosamide antibiotic;macrolide antibiotic;phenicol antibiotic;pleuromutilin antibiotic;streptogramin antibiotic","antibiotic target alteration"
"Thermus_thermophilus_23s.3005083.AE017221.1.1534489_1537382.6116","Thermus_thermophilus_23s",3005083,"AE017221 . 1","1534489_1537382",43292,"Thermus thermophilus 23s rRNA conferring resistance to pleuromutilin antibiotics",NA,"AE017221.1","23S rRNA with mutation conferring resistance to pleuromutilin antibiotics","glycopeptide antibiotic;lincosamide antibiotic;macrolide antibiotic;phenicol antibiotic;pleuromutilin antibiotic;streptogramin antibiotic","antibiotic target alteration"
"dfrF.3002867.AF028812.392_887.677","dfrF",3002867,"AF028812","392_887",39301,"dfrF","AAD01868.1","AF028812","trimethoprim resistant dihydrofolate reductase dfr","diaminopyrimidine antibiotic","antibiotic target replacement"
"ileS.3003730.CP001840.1.1610636_1613960.5227","ileS",3003730,"CP001840 . 1","1610636_1613960",40419,"Bifidobacterium bifidum ileS conferring resistance to mupirocin","ADP36409.1","CP001840.1","antibiotic-resistant isoleucyl-tRNA synthetase (ileS)","mupirocin","antibiotic target alteration"
"lnuC.3002837.AY928180.0_495.110","lnuC",3002837,"AY928180","0_495",39271,"lnuC","AAY32951.1","AY928180","lincosamide nucleotidyltransferase (LNU)","lincosamide antibiotic","antibiotic inactivation"
"mel.3000616.AF227521.1.3269_4487.5180","mel",3000616,"AF227521 . 1","3269_4487",36910,"mel","AAL73129.1","AF227521.1","ABC-F ATP-binding cassette ribosomal protection protein","lincosamide antibiotic;macrolide antibiotic;oxazolidinone antibiotic;phenicol antibiotic;pleuromutilin antibiotic;streptogramin antibiotic;tetracycline antibiotic","antibiotic target protection"
"rpoB.3004480.NC_008618.1.1667063_1670624.5874","rpoB",3004480,"NC_008618 . 1","1667063_1670624",41743,"Bifidobacterium adolescentis rpoB mutants conferring resistance to rifampicin","WP_041777404.1","NC_008618.1","rifamycin-resistant beta-subunit of RNA polymerase (rpoB)","peptide antibiotic;rifamycin antibiotic","antibiotic target alteration;antibiotic target replacement"
"rrnS.3003978.NC_005353.1.38549_40023.4108","rrnS",3003978,"NC_005353 . 1","38549_40023",40814,"Chlamydomonas reinhardtii 16S rRNA (rrnS) mutation conferring resistance to streptomycin",NA,"NC_005353.1","16s rRNA with mutation conferring resistance to aminoglycoside antibiotics","aminoglycoside antibiotic;glycopeptide antibiotic;glycylcycline;nucleoside antibiotic;peptide antibiotic;tetracycline antibiotic","antibiotic target alteration"
"rrsH.3003372.U00096.223771_225312.3228","rrsH",3003372,"U00096","223771_225312",39956,"Escherichia coli 16S rRNA (rrsH) mutation conferring resistance to spectinomycin",NA,"U00096","16s rRNA with mutation conferring resistance to aminoglycoside antibiotics","aminoglycoside antibiotic;glycopeptide antibiotic;glycylcycline;nucleoside antibiotic;peptide antibiotic;tetracycline antibiotic","antibiotic target alteration"
"tet32.3000196.EU722333.1.1932_3852.5146","tet32",3000196,"EU722333 . 1","1932_3852",36335,"tet32","ACH87088.1","EU722333.1","tetracycline-resistant ribosomal protection protein","tetracycline antibiotic","antibiotic target protection"
"tetO.3000190.M18896.2.206_2126.4234","tetO",3000190,"M18896 . 2","206_2126",36329,"tetO","AAA23033.2","M18896.2","tetracycline-resistant ribosomal protection protein","tetracycline antibiotic","antibiotic target protection"
"tetQ.3000191.Z21523.0_1974.476","tetQ",3000191,"Z21523","0_1974",36330,"tetQ","CAA79727.1","Z21523","tetracycline-resistant ribosomal protection protein","tetracycline antibiotic","antibiotic target protection"
"tetW.3000194.AJ222769.3.3686_5606.5145","tetW",3000194,"AJ222769 . 3","3686_5606",36333,"tetW","CAA10975.1","AJ222769.3","tetracycline-resistant ribosomal protection protein","tetracycline antibiotic","antibiotic target protection"
"tetX.3000205.M37699.585_1752.79","tetX",3000205,"M37699","585_1752",36344,"tetX","AAA27471.1","M37699","tetracycline inactivation enzyme","glycylcycline;tetracycline antibiotic","antibiotic inactivation"
"tet_40_.3000567.AM419751.14210_15431.5150","tet_40_",3000567,"AM419751","14210_15431",36706,"tet(40)","CAM12479.1","AM419751","major facilitator superfamily (MFS) antibiotic efflux pump","tetracycline antibiotic","antibiotic efflux"
"ANT_6__Ia.3002626.KF648874.1.60996_61860.5528","ANT_6__Ia",3002626,"KF648874 . 1","60996_61860",39026,"ANT(6)-Ia","AHE40557.1","KF648874.1","ANT(6)","aminoglycoside antibiotic","antibiotic inactivation"
"Campylobacter_jejuni_23S.3004546.NR_076226.1.0_2912.5105","Campylobacter_jejuni_23S",3004546,"NR_076226 . 1","0_2912",42445,"Campylobacter jejuni 23S rRNA with mutation conferring resistance to erythromycin",NA,"NR_076226.1","23S rRNA with mutation conferring resistance to macrolide antibiotics","glycopeptide antibiotic;lincosamide antibiotic;macrolide antibiotic;phenicol antibiotic;pleuromutilin antibiotic;streptogramin antibiotic","antibiotic target alteration"
"Chlamydia_trachomatis_23S.3004174.NR_076160.1.0_2940.4165","Chlamydia_trachomatis_23S",3004174,"NR_076160 . 1","0_2940",41325,"Chlamydia trachomatis 23S rRNA with mutation conferring resistance to macrolide antibiotics",NA,"NR_076160.1","23S rRNA with mutation conferring resistance to macrolide antibiotics","glycopeptide antibiotic;lincosamide antibiotic;macrolide antibiotic;phenicol antibiotic;pleuromutilin antibiotic;streptogramin antibiotic","antibiotic target alteration"
"Escherichia_coli_23S.3004173.AE014075.1.237159_240063.4164","Escherichia_coli_23S",3004173,"AE014075 . 1","237159_240063",41324,"Escherichia coli 23S rRNA with mutation conferring resistance to oxazolidinone antibiotics",NA,"AE014075.1","23S rRNA with mutation conferring resistance to oxazolidinone antibiotics","glycopeptide antibiotic;lincosamide antibiotic;macrolide antibiotic;oxazolidinone antibiotic;phenicol antibiotic;pleuromutilin antibiotic;streptogramin antibiotic","antibiotic target alteration"
"Tet_X4_.3004720.MK134376.1.324_1482.5831","Tet_X4_",3004720,"MK134376 . 1","324_1482",42775,"Tet(X4)","QBQ69719.1","MK134376.1","tetracycline inactivation enzyme","glycylcycline;tetracycline antibiotic","antibiotic inactivation"
"tetM.3000186.AB039845.1.25_1945.6139","tetM",3000186,"AB039845 . 1","25_1945",36325,"tetM","BAB82500.1","AB039845.1","tetracycline-resistant ribosomal protection protein","tetracycline antibiotic","antibiotic target protection"
"23S_rRNA__adenine_2058__N_6___methyltransferase.3005099.AF002716.1.210_942.6143","23S_rRNA__adenine_2058__N_6___methyltransferase",3005099,"AF002716 . 1","210_942",43314,"23S rRNA (adenine(2058)-N(6))-methyltransferase Erm(A)","AAB60941.1","AF002716.1","Erm 23S ribosomal RNA methyltransferase","lincosamide antibiotic;macrolide antibiotic;streptogramin antibiotic","antibiotic target alteration"
"Campylobacter_coli_chloramphenicol.3004454.M35190.1.308_932.4426","Campylobacter_coli_chloramphenicol",3004454,"M35190 . 1","308_932",41665,"Campylobacter coli chloramphenicol acetyltransferase","AAA23018.1","M35190.1","chloramphenicol acetyltransferase (CAT)","phenicol antibiotic","antibiotic inactivation"
"Mycobacterium_intracellulare_23S.3004167.NR_076151.1.0_3103.4159","Mycobacterium_intracellulare_23S",3004167,"NR_076151 . 1","0_3103",41316,"Mycobacterium intracellulare 23S rRNA with mutation conferring resistance to azithromycin",NA,"NR_076151.1","23S rRNA with mutation conferring resistance to macrolide antibiotics","glycopeptide antibiotic;lincosamide antibiotic;macrolide antibiotic;phenicol antibiotic;pleuromutilin antibiotic;streptogramin antibiotic","antibiotic target alteration"
"aadA24.3002621.DQ677333.0_780.330","aadA24",3002621,"DQ677333","0_780",39021,"aadA24","ABG72894.1","DQ677333","ANT(3'')","aminoglycoside antibiotic","antibiotic inactivation"
"aadS.3004683.M72415.1.1120_1984.5568","aadS",3004683,"M72415 . 1","1120_1984",42732,"aadS","AAA27459.1","M72415.1","ANT(6)","aminoglycoside antibiotic","antibiotic inactivation"
"sul2.3000412.AY055428.1.20268_21084.4745","sul2",3000412,"AY055428 . 1","20268_21084",36551,"sul2","AAL59753.1","AY055428.1","sulfonamide resistant sul","sulfonamide antibiotic;sulfone antibiotic","antibiotic target replacement"
"tet_44_.3000556.FN594949.25244_27167.410","tet_44_",3000556,"FN594949","25244_27167",36695,"tet(44)","CBH51823.1","FN594949","tetracycline-resistant ribosomal protection protein","tetracycline antibiotic","antibiotic target protection"
"vanWG.3002965.DQ212986.5137_5983.535","vanWG",3002965,"DQ212986","5137_5983",39399,"vanWG","ABA71730.1","DQ212986","glycopeptide resistance gene cluster;vanW","glycopeptide antibiotic","antibiotic target alteration"
"ACI_1.3004359.AJ007350.1.239_1094.4259","ACI_1",3004359,"AJ007350 . 1","239_1094",41531,"ACI-1","CAB51471.1","AJ007350.1","ACI beta-lactamase","cephalosporin;penam;penem","antibiotic inactivation"
"CfxA3.3003003.AF472622.52_1018.1514","CfxA3",3003003,"AF472622","52_1018",39437,"CfxA3","AAL79549.2","AF472622","CfxA beta-lactamase","cephamycin","antibiotic inactivation"
"ErmX.3000596.M36726.1.295_1150.5163","ErmX",3000596,"M36726 . 1","295_1150",36735,"ErmX","AAA98484.1","M36726.1","Erm 23S ribosomal RNA methyltransferase","lincosamide antibiotic;macrolide antibiotic;streptogramin antibiotic","antibiotic target alteration"
"Helicobacter_pylori_16S.3003510.CP003904.1.1511156_1512657.4114","Helicobacter_pylori_16S",3003510,"CP003904 . 1","1511156_1512657",40112,"Helicobacter pylori 16S rRNA mutation conferring resistance to tetracycline",NA,"CP003904.1","16S rRNA with mutation conferring resistance to tetracycline derivatives","aminoglycoside antibiotic;glycopeptide antibiotic;glycylcycline;nucleoside antibiotic;peptide antibiotic;tetracycline antibiotic","antibiotic target alteration"
"OXA_660.3005875.NG_061407.1.1_720.7355","OXA_660",3005875,"NG_061407 . 1","1_720",44337,"OXA-660","WP_114699279.1","NG_061407.1","OXA beta-lactamase","carbapenem;cephalosporin;penam","antibiotic inactivation"
"Cutibacterium_acnes_16S.3003499.NR_040847.1.0_1486.3259","Cutibacterium_acnes_16S",3003499,"NR_040847 . 1","0_1486",40101,"Cutibacterium acnes 16S rRNA mutation conferring resistance to tetracycline",NA,"NR_040847.1","16S rRNA with mutation conferring resistance to tetracycline derivatives","aminoglycoside antibiotic;glycopeptide antibiotic;glycylcycline;nucleoside antibiotic;peptide antibiotic;tetracycline antibiotic","antibiotic target alteration"
"ANT_6__Ib.3002629.FN594949.27481_28339.60","ANT_6__Ib",3002629,"FN594949","27481_28339",39029,"ANT(6)-Ib","CBH51824.1","FN594949","ANT(6)","aminoglycoside antibiotic","antibiotic inactivation"
"Brachyspira_hyodysenteriae_23S.3004133.NZ_CP015910.2.2512812_2515808.4183","Brachyspira_hyodysenteriae_23S",3004133,"NZ_CP015910 . 2","2512812_2515808",41260,"Brachyspira hyodysenteriae 23S rRNA with mutation conferring resistance to tylosin",NA,"NZ_CP015910.2","23S rRNA with mutation conferring resistance to macrolide antibiotics","glycopeptide antibiotic;lincosamide antibiotic;macrolide antibiotic;phenicol antibiotic;pleuromutilin antibiotic;streptogramin antibiotic","antibiotic target alteration"
"Chlamydophila_psittaci_16S.3003485.AB001778.1.0_1507.3780","Chlamydophila_psittaci_16S",3003485,"AB001778 . 1","0_1507",40087,"Chlamydophila psittaci 16S rRNA mutation conferring resistance to spectinomycin",NA,"AB001778.1","16s rRNA with mutation conferring resistance to aminoglycoside antibiotics","aminoglycoside antibiotic;glycopeptide antibiotic;glycylcycline;nucleoside antibiotic;peptide antibiotic;tetracycline antibiotic","antibiotic target alteration"
"Helicobacter_pylori_23S.3004134.AB162858.1.0_2975.4113","Helicobacter_pylori_23S",3004134,"AB162858 . 1","0_2975",41261,"Helicobacter pylori 23S rRNA with mutation conferring resistance to clarithromycin",NA,"AB162858.1","23S rRNA with mutation conferring resistance to macrolide antibiotics","glycopeptide antibiotic;lincosamide antibiotic;macrolide antibiotic;phenicol antibiotic;pleuromutilin antibiotic;streptogramin antibiotic","antibiotic target alteration"
"Tet_X1_.3005166.AJ311171.12109_13189.6215","Tet_X1_",3005166,"AJ311171","12109_13189",43518,"Tet(X1)","CAC47933.1","AJ311171","tetracycline inactivation enzyme","tetracycline antibiotic","antibiotic inactivation"
"gyrA.3003924.FQ312002.1.1996520_1999166.5463","gyrA",3003924,"FQ312002 . 1","1996520_1999166",40633,"Haemophilus parainfluenzae gyrA conferring resistance to fluoroquinolones","CBW16027.1","FQ312002.1","fluoroquinolone resistant gyrA","fluoroquinolone antibiotic;nybomycin","antibiotic target alteration"
"parC.3003925.NC_015964.1.1905162_1907418.3728","parC",3003925,"NC_015964 . 1","1905162_1907418",40634,"Haemophilus parainfluenzae parC conferring resistance to fluoroquinolones","WP_041918279.1","NC_015964.1","fluoroquinolone resistant parC","fluoroquinolone antibiotic","antibiotic target alteration"
"tetA_46_.3004032.HQ652506.1.373_2098.3976","tetA_46_",3004032,"HQ652506 . 1","373_2098",41064,"tetA(46)","AET10444.1","HQ652506.1","ATP-binding cassette (ABC) antibiotic efflux pump","tetracycline antibiotic","antibiotic efflux"
"tetB_46_.3004033.HQ652506.1.2099_3836.3977","tetB_46_",3004033,"HQ652506 . 1","2099_3836",41066,"tetB(46)","AET10445.1","HQ652506.1","ATP-binding cassette (ABC) antibiotic efflux pump","tetracycline antibiotic","antibiotic efflux"
"tetB_P_.3000195.L20800.2308_4267.473","tetB_P_",3000195,"L20800","2308_4267",36334,"tetB(P)","AAA20117.1","L20800","tetracycline-resistant ribosomal protection protein","tetracycline antibiotic","antibiotic target protection"
"APH_3____Ib.3002639.AF313472.15593_16397.545","APH_3____Ib",3002639,"AF313472","15593_16397",39039,"APH(3'')-Ib","ABK33456.1","AF313472","APH(3'')","aminoglycoside antibiotic","antibiotic inactivation"
"APH_6__Id.3002660.AF024602.3155_3992.467","APH_6__Id",3002660,"AF024602","3155_3992",39060,"APH(6)-Id","AAC23556.1","AF024602","APH(6)","aminoglycoside antibiotic","antibiotic inactivation"
"AcrE.3000499.U00096.3413863_3415021.333","AcrE",3000499,"U00096","3413863_3415021",36638,"AcrE","AAC76297.1","U00096","resistance-nodulation-cell division (RND) antibiotic efflux pump","cephalosporin;cephamycin;fluoroquinolone antibiotic;penam","antibiotic efflux"
"AcrF.3000502.U00096.3415032_3418137.700","AcrF",3000502,"U00096","3415032_3418137",36641,"AcrF","AAC76298.1","U00096","resistance-nodulation-cell division (RND) antibiotic efflux pump","cephalosporin;cephamycin;fluoroquinolone antibiotic;penam","antibiotic efflux"
"AcrS.3000656.U00096.3412802_3413465.4558","AcrS",3000656,"U00096","3412802_3413465",37000,"AcrS","AAC76296.1","U00096","resistance-nodulation-cell division (RND) antibiotic efflux pump","cephalosporin;cephamycin;fluoroquinolone antibiotic;glycylcycline;penam;phenicol antibiotic;rifamycin antibiotic;tetracycline antibiotic;triclosan","antibiotic efflux"
"CRP.3000518.AP009048.1.4153663_4154296.4752","CRP",3000518,"AP009048 . 1","4153663_4154296",36657,"CRP","BAE77933.1","AP009048.1","resistance-nodulation-cell division (RND) antibiotic efflux pump","fluoroquinolone antibiotic;macrolide antibiotic;penam","antibiotic efflux"
"CTX_M_88.3001948.NZ_SQNR01000043.1.1505_2381.5891","CTX_M_88",3001948,"NZ_SQNR01000043 . 1","1505_2381",38348,"CTX-M-88","WP_063860086.1","NZ_SQNR01000043.1","CTX-M beta-lactamase","cephalosporin","antibiotic inactivation"
"CepA_44.3006225.NG_050386.1.101_1003.6818","CepA_44",3006225,"NG_050386 . 1","101_1003",44687,"CepA-44","WP_032579291.1","NG_050386.1","cepA beta-lactamase","cephalosporin","antibiotic inactivation"
"EC_5.3006880.NG_049085.1.101_1234.6969","EC_5",3006880,"NG_049085 . 1","101_1234",45342,"EC-5","WP_001443153.1","NG_049085.1","EC beta-lactamase","cephalosporin","antibiotic inactivation"
"Escherichia_coli_EF_Tu.3003370.U00096.3.3470144_3471329.5280","Escherichia_coli_EF_Tu",3003370,"U00096 . 3","3470144_3471329",39954,"Escherichia coli EF-Tu mutants conferring resistance to Enacyloxin IIa","AAC76364.1","U00096.3","elfamycin resistant EF-Tu","elfamycin antibiotic","antibiotic target alteration"
"Escherichia_coli_UhpT.3003890.HG738867.2934266_2935658.3667","Escherichia_coli_UhpT",3003890,"HG738867","2934266_2935658",40592,"Escherichia coli UhpT with mutation conferring resistance to fosfomycin","CDJ73208","HG738867","antibiotic-resistant UhpT","fosfomycin","antibiotic target alteration"
"Mycoplasma_fermentans_23S.3004177.NC_021002.1.901870_904756.4167","Mycoplasma_fermentans_23S",3004177,"NC_021002 . 1","901870_904756",41328,"Mycoplasma fermentans 23S rRNA with mutation conferring resistance to macrolide antibiotics",NA,"NC_021002.1","23S rRNA with mutation conferring resistance to macrolide antibiotics","glycopeptide antibiotic;lincosamide antibiotic;macrolide antibiotic;phenicol antibiotic;pleuromutilin antibiotic;streptogramin antibiotic","antibiotic target alteration"
"OXA_347.3001777.JN086160.1582_2407.4583","OXA_347",3001777,"JN086160","1582_2407",38177,"OXA-347","AET35493.1","JN086160","OXA beta-lactamase","carbapenem;cephalosporin;penam","antibiotic inactivation"
"Streptomyces_ambofaciens_23S.3004171.NZ_CP012949.1.4334992_4338141.4163","Streptomyces_ambofaciens_23S",3004171,"NZ_CP012949 . 1","4334992_4338141",41322,"Streptomyces ambofaciens 23S rRNA with mutation conferring resistance to macrolide antibiotics",NA,"NZ_CP012949.1","23S rRNA with mutation conferring resistance to macrolide antibiotics","glycopeptide antibiotic;lincosamide antibiotic;macrolide antibiotic;phenicol antibiotic;pleuromutilin antibiotic;streptogramin antibiotic","antibiotic target alteration"
"TolC.3000237.FJ768952.0_1488.563","TolC",3000237,"FJ768952","0_1488",36376,"TolC","ACN32294.1","FJ768952","ATP-binding cassette (ABC) antibiotic efflux pump;major facilitator superfamily (MFS) antibiotic efflux pump;resistance-nodulation-cell division (RND) antibiotic efflux pump","aminocoumarin antibiotic;aminoglycoside antibiotic;carbapenem;cephalosporin;cephamycin;fluoroquinolone antibiotic;glycylcycline;macrolide antibiotic;penam;penem;peptide antibiotic;phenicol antibiotic;rifamycin antibiotic;tetracycline antibiotic;triclosan","antibiotic efflux"
"acrA.3004043.U00096.3.484425_485619.5262","acrA",3004043,"U00096 . 3","484425_485619",41090,"Escherichia coli acrA","AAC73565.1","U00096.3","resistance-nodulation-cell division (RND) antibiotic efflux pump","cephalosporin;fluoroquinolone antibiotic;glycylcycline;penam;phenicol antibiotic;rifamycin antibiotic;tetracycline antibiotic;triclosan","antibiotic efflux"
"acrB.3000216.U00096.3.481253_484403.5485","acrB",3000216,"U00096 . 3","481253_484403",36355,"acrB","AAC73564.1","U00096.3","resistance-nodulation-cell division (RND) antibiotic efflux pump","cephalosporin;fluoroquinolone antibiotic;glycylcycline;penam;phenicol antibiotic;rifamycin antibiotic;tetracycline antibiotic;triclosan","antibiotic efflux"
"acrD.3000491.AP009048.1.2586250_2589364.5517","acrD",3000491,"AP009048 . 1","2586250_2589364",36630,"acrD","BAA16344.1","AP009048.1","resistance-nodulation-cell division (RND) antibiotic efflux pump","aminoglycoside antibiotic","antibiotic efflux"
"acrR.3003807.U00096.3.485760_486408.5225","acrR",3003807,"U00096 . 3","485760_486408",40492,"Escherichia coli acrR with mutation conferring multidrug antibiotic resistance","AAC73566.1","U00096.3","resistance-nodulation-cell division (RND) antibiotic efflux pump","cephalosporin;fluoroquinolone antibiotic;glycylcycline;penam;phenicol antibiotic;rifamycin antibiotic;tetracycline antibiotic;triclosan","antibiotic efflux;antibiotic target alteration"
"ampH.3004612.AP012030.1.395553_396711.5238","ampH",3004612,"AP012030 . 1","395553_396711",42576,"Escherichia coli ampH beta-lactamase","BAJ42218.1","AP012030.1","ampC-type beta-lactamase","cephalosporin;penam","antibiotic inactivation"
"cpxA.3000830.BA000007.3.4903688_4905062.5407","cpxA",3000830,"BA000007 . 3","4903688_4905062",37210,"cpxA","BAB38260.1","BA000007.3","resistance-nodulation-cell division (RND) antibiotic efflux pump","aminocoumarin antibiotic;aminoglycoside antibiotic","antibiotic efflux"
"dfrA14.3002859.KF921535.1.617_1091.6119","dfrA14",3002859,"KF921535 . 1","617_1091",39293,"dfrA14","AHK10285.1","KF921535.1","trimethoprim resistant dihydrofolate reductase dfr","diaminopyrimidine antibiotic","antibiotic target replacement"
"emrA.3000027.AP009048.2810082_2811255.411","emrA",3000027,"AP009048","2810082_2811255",36036,"emrA","BAA16547.1","AP009048","major facilitator superfamily (MFS) antibiotic efflux pump","fluoroquinolone antibiotic","antibiotic efflux"
"emrK.3000206.D78168.536_1592.173","emrK",3000206,"D78168","536_1592",36345,"emrK","BAA11236.1","D78168","major facilitator superfamily (MFS) antibiotic efflux pump","tetracycline antibiotic","antibiotic efflux"
"eptA.3003576.AP009048.4338624_4340268.4556","eptA",3003576,"AP009048","4338624_4340268",40186,"eptA","BAE78116.1","AP009048","pmr phosphoethanolamine transferase","peptide antibiotic","antibiotic target alteration"
"evgA.3000832.BA000007.3.3212025_3212640.5466","evgA",3000832,"BA000007 . 3","3212025_3212640",37212,"evgA","BAB36671.1","BA000007.3","major facilitator superfamily (MFS) antibiotic efflux pump;resistance-nodulation-cell division (RND) antibiotic efflux pump","fluoroquinolone antibiotic;macrolide antibiotic;penam;tetracycline antibiotic","antibiotic efflux"
"evgS.3000833.U00096.2484373_2487967.178","evgS",3000833,"U00096","2484373_2487967",37213,"evgS","AAC75429.1","U00096","major facilitator superfamily (MFS) antibiotic efflux pump;resistance-nodulation-cell division (RND) antibiotic efflux pump","fluoroquinolone antibiotic;macrolide antibiotic;penam;tetracycline antibiotic","antibiotic efflux"
"gadW.3003838.CP015085.1.2551711_2552440.4620","gadW",3003838,"CP015085 . 1","2551711_2552440",40529,"gadW","ANK04027.1","CP015085.1","resistance-nodulation-cell division (RND) antibiotic efflux pump","fluoroquinolone antibiotic;macrolide antibiotic;penam","antibiotic efflux"
"gadX.3000508.AP009048.1.3974604_3975429.5417","gadX",3000508,"AP009048 . 1","3974604_3975429",36647,"gadX","BAE77778.1","AP009048.1","resistance-nodulation-cell division (RND) antibiotic efflux pump","fluoroquinolone antibiotic;macrolide antibiotic;penam","antibiotic efflux"
"gyrA.3004335.U00096.3.2336792_2339420.4469","gyrA",3004335,"U00096 . 3","2336792_2339420",41503,"Escherichia coli gyrA with mutation conferring resistance to triclosan","AAC75291.1","U00096.3","triclosan resistant gyrA","triclosan","antibiotic target alteration"
"gyrB.3003303.AP009048.3760295_3762710.2063","gyrB",3003303,"AP009048","3760295_3762710",39887,"Escherichia coli gyrB conferring resistance to aminocoumarin","BAE77595.1","AP009048","aminocoumarin resistant gyrB","aminocoumarin antibiotic","antibiotic target alteration"
"mdtB.3000793.U00096.2155262_2158385.215","mdtB",3000793,"U00096","2155262_2158385",37173,"mdtB","AAC75136.1","U00096","resistance-nodulation-cell division (RND) antibiotic efflux pump","aminocoumarin antibiotic","antibiotic efflux"
"mdtE.3000795.AP009048.1.3980025_3981183.4673","mdtE",3000795,"AP009048 . 1","3980025_3981183",37175,"mdtE","BAE77781.1","AP009048.1","resistance-nodulation-cell division (RND) antibiotic efflux pump","fluoroquinolone antibiotic;macrolide antibiotic;penam","antibiotic efflux"
"mdtF.3000796.U00096.3660413_3663527.286","mdtF",3000796,"U00096","3660413_3663527",37176,"mdtF","AAC76539.1","U00096","resistance-nodulation-cell division (RND) antibiotic efflux pump","fluoroquinolone antibiotic;macrolide antibiotic;penam","antibiotic efflux"
"mdtN.3003548.AP009048.1.4306556_4307588.4705","mdtN",3003548,"AP009048 . 1","4306556_4307588",40150,"mdtN","BAE78084.1","AP009048.1","major facilitator superfamily (MFS) antibiotic efflux pump","acridine dye;disinfecting agents and intercalating dyes;nucleoside antibiotic","antibiotic efflux"
"mdtO.3003549.AP009048.1.4304505_4306557.4664","mdtO",3003549,"AP009048 . 1","4304505_4306557",40151,"mdtO","BAE78083.1","AP009048.1","major facilitator superfamily (MFS) antibiotic efflux pump","acridine dye;disinfecting agents and intercalating dyes;nucleoside antibiotic","antibiotic efflux"
"mlaD.3005042.LR730402.1.3996374_3996926.6078","mlaD",3005042,"LR730402 . 1","3996374_3996926",43240,"mlaD","VWQ04090.1","LR730402.1","ATP-binding cassette (ABC) antibiotic efflux pump","oxazolidinone antibiotic","antibiotic efflux"
"mlaF.3005041.LR730402.1.3994770_3995580.6077","mlaF",3005041,"LR730402 . 1","3994770_3995580",43239,"mlaF","VWQ04088.1","LR730402.1","ATP-binding cassette (ABC) antibiotic efflux pump","oxazolidinone antibiotic","antibiotic efflux"
"msbA.3003950.U00096.3.966620_968369.5468","msbA",3003950,"U00096 . 3","966620_968369",40720,"msbA","AAC74000.1","U00096.3","ATP-binding cassette (ABC) antibiotic efflux pump","nitroimidazole antibiotic","antibiotic efflux"
"murA.3003775.CP009072.1414817_1416077.3548","murA",3003775,"CP009072","1414817_1416077",40451,"Escherichia coli murA with mutation conferring resistance to fosfomycin","AIL15701","CP009072","antibiotic-resistant murA transferase","fosfomycin","antibiotic target alteration"
"nfsA.3003751.U00096.3.891183_891906.5371","nfsA",3003751,"U00096 . 3","891183_891906",40407,"Escherichia coli nfsA mutations conferring resistance to nitrofurantoin","AAC73938.1","U00096.3","antibiotic resistant nfsA","nitrofuran antibiotic","antibiotic target alteration"
"parC.3003308.U00096.3.3163714_3165973.4704","parC",3003308,"U00096 . 3","3163714_3165973",39892,"Escherichia coli parC conferring resistance to fluoroquinolones","AAC76055.1","U00096.3","fluoroquinolone resistant parC","fluoroquinolone antibiotic","antibiotic target alteration"
"parE.3003316.AP009048.1.3172159_3174052.5533","parE",3003316,"AP009048 . 1","3172159_3174052",39900,"Escherichia coli parE conferring resistance to fluoroquinolones","BAE77086.1","AP009048.1","fluoroquinolone resistant parE","fluoroquinolone antibiotic","antibiotic target alteration"
"porin_OmpC.3004114.KY086517.0_1104.4096","porin_OmpC",3004114,"KY086517","0_1104",41238,"porin OmpC","APB87301","KY086517","General Bacterial Porin with reduced permeability to beta-lactams","carbapenem;cephalosporin;cephamycin;monobactam;penam;penem","reduced permeability to antibiotic"
"rpoB.3003288.BA000007.3.4990267_4994296.5493","rpoB",3003288,"BA000007 . 3","4990267_4994296",39872,"Escherichia coli rpoB mutants conferring resistance to rifampicin","BAB38333.1","BA000007.3","rifamycin-resistant beta-subunit of RNA polymerase (rpoB)","peptide antibiotic;rifamycin antibiotic","antibiotic target alteration;antibiotic target replacement"
"rpoC.3004681.CP010905.2.99212_102698.5565","rpoC",3004681,"CP010905 . 2","99212_102698",42730,"Clostridioides difficile rpoC with mutation conferring resistance to vancomycin","AJP09758.1","CP010905.2","vancomycin-resistant beta prime subunit of RNA polymerase (rpoC)","glycopeptide antibiotic","antibiotic target alteration"
"rrsB.3003410.U00096.4166659_4168200.3242","rrsB",3003410,"U00096","4166659_4168200",39994,"Escherichia coli 16S rRNA (rrsB) mutation conferring resistance to tetracycline",NA,"U00096","16S rRNA with mutation conferring resistance to tetracycline derivatives","aminoglycoside antibiotic;glycopeptide antibiotic;glycylcycline;nucleoside antibiotic;peptide antibiotic;tetracycline antibiotic","antibiotic target alteration"
"soxR.3003381.U00096.4277468_4277933.2074","soxR",3003381,"U00096","4277468_4277933",39965,"Escherichia coli soxR with mutation conferring antibiotic resistance","AAC77033.1","U00096","ATP-binding cassette (ABC) antibiotic efflux pump;major facilitator superfamily (MFS) antibiotic efflux pump;resistance-nodulation-cell division (RND) antibiotic efflux pump","cephalosporin;fluoroquinolone antibiotic;glycylcycline;penam;phenicol antibiotic;rifamycin antibiotic;tetracycline antibiotic;triclosan","antibiotic efflux;antibiotic target alteration"
"ugd.3003577.U00096.2098446_2099613.4591","ugd",3003577,"U00096","2098446_2099613",40187,"ugd","AAC75089.1","U00096","pmr phosphoethanolamine transferase","peptide antibiotic","antibiotic target alteration"
"AAC_6___Im.3004629.AF337947.1.1214_1751.5375","AAC_6___Im",3004629,"AF337947 . 1","1214_1751",42615,"AAC(6')-Im","AAK63041.1","AF337947.1","AAC(6')","aminoglycoside antibiotic","antibiotic inactivation"
"ACC_1d.3006231.NG_048592.1.1_1173.6501","ACC_1d",3006231,"NG_048592 . 1","1_1173",44693,"ACC-1d","WP_008815550.1","NG_048592.1","ACC beta-lactamase","cephalosporin;monobactam;penam","antibiotic inactivation"
"APH_2____IIa.3002635.AF337947.271_1171.696","APH_2____IIa",3002635,"AF337947","271_1171",39035,"APH(2'')-IIa","AAK63040.1","AF337947","APH(2'')","aminoglycoside antibiotic","antibiotic inactivation"
"ArnT.3005053.FO834906.1.304977_306633.6090","ArnT",3005053,"FO834906 . 1","304977_306633",43254,"ArnT","CDO12042.1","FO834906.1","pmr phosphoethanolamine transferase","peptide antibiotic","antibiotic target alteration"
"Erm_49_.3004626.MWVR01000009.1.34384_35299.5349","Erm_49_",3004626,"MWVR01000009 . 1","34384_35299",42608,"Erm(49)","OPG86592.1","MWVR01000009.1","Erm 23S ribosomal RNA methyltransferase","lincosamide antibiotic;macrolide antibiotic;streptogramin antibiotic","antibiotic target alteration"
"Escherichia_coli_PtsI.3003899.HG738867.2416338_2418066.3675","Escherichia_coli_PtsI",3003899,"HG738867","2416338_2418066",40601,"Escherichia coli PtsI with mutation conferring resistance to fosfomycin","CDJ72759","HG738867","antibiotic-resistant ptsI phosphotransferase","fosfomycin","antibiotic target alteration"
"FosA6.3004111.KU254579.1.59421_59841.4755","FosA6",3004111,"KU254579 . 1","59421_59841",41232,"FosA6","AMQ12811.1","KU254579.1","fosfomycin thiol transferase","fosfomycin","antibiotic inactivation"
"Klebsiella_aerogenes_Omp36.3003385.AF335467.36_1164.2109","Klebsiella_aerogenes_Omp36",3003385,"AF335467","36_1164",39969,"Klebsiella aerogenes Omp36","AAK11270.1","AF335467","General Bacterial Porin with reduced permeability to beta-lactams","carbapenem;cephalosporin;cephamycin;monobactam;penam;penem","reduced permeability to antibiotic"
"Klebsiella_mutant_PhoP.3003585.FO834906.1.2325636_2326308.4715","Klebsiella_mutant_PhoP",3003585,"FO834906 . 1","2325636_2326308",40195,"Klebsiella mutant PhoP conferring antibiotic resistance to colistin","CDO13981.1","FO834906.1","ATP-binding cassette (ABC) antibiotic efflux pump;pmr phosphoethanolamine transferase","macrolide antibiotic;peptide antibiotic","antibiotic efflux;antibiotic target alteration"
"Klebsiella_pneumoniae_KpnE.3004580.AP006725.1.2483889_2484252.5313","Klebsiella_pneumoniae_KpnE",3004580,"AP006725 . 1","2483889_2484252",42506,"Klebsiella pneumoniae KpnE","BAH63251.1","AP006725.1","major facilitator superfamily (MFS) antibiotic efflux pump","aminoglycoside antibiotic;cephalosporin;macrolide antibiotic;peptide antibiotic;rifamycin antibiotic;tetracycline antibiotic","antibiotic efflux"
"Klebsiella_pneumoniae_KpnF.3004583.AP006725.1.2484238_2484568.5312","Klebsiella_pneumoniae_KpnF",3004583,"AP006725 . 1","2484238_2484568",42513,"Klebsiella pneumoniae KpnF","BAH63252.1","AP006725.1","major facilitator superfamily (MFS) antibiotic efflux pump","aminoglycoside antibiotic;cephalosporin;macrolide antibiotic;peptide antibiotic;rifamycin antibiotic;tetracycline antibiotic","antibiotic efflux"
"Klebsiella_pneumoniae_KpnG.3004588.ACWO01000051.1.22092_23265.5311","Klebsiella_pneumoniae_KpnG",3004588,"ACWO01000051 . 1","22092_23265",42518,"Klebsiella pneumoniae KpnG","EHL92831.1","ACWO01000051.1","major facilitator superfamily (MFS) antibiotic efflux pump","aminoglycoside antibiotic;carbapenem;cephalosporin;fluoroquinolone antibiotic;macrolide antibiotic;penam;penem;peptide antibiotic","antibiotic efflux"
"Klebsiella_pneumoniae_OmpK35.3003966.NC_016845.1.1904307_1904991.5852","Klebsiella_pneumoniae_OmpK35",3003966,"NC_016845 . 1","1904307_1904991",40737,"Klebsiella pneumoniae OmpK35","YP_005226137.1","NC_016845.1","General Bacterial Porin with reduced permeability to beta-lactams","carbapenem;cephalosporin;cephamycin;monobactam;penam;penem","reduced permeability to antibiotic;resistance by absence"
"Klebsiella_pneumoniae_OmpK36.3003968.NC_016845.1.3727881_3728985.5853","Klebsiella_pneumoniae_OmpK36",3003968,"NC_016845 . 1","3727881_3728985",40739,"Klebsiella pneumoniae OmpK36","YP_005228001.1","NC_016845.1","General Bacterial Porin with reduced permeability to beta-lactams","carbapenem;cephalosporin;cephamycin;monobactam;penam;penem","reduced permeability to antibiotic;resistance by absence"
"Klebsiella_pneumoniae_OmpK37.3004122.AJ011502.1.300_1425.4406","Klebsiella_pneumoniae_OmpK37",3004122,"AJ011502 . 1","300_1425",41247,"Klebsiella pneumoniae OmpK37","CAA09666.1","AJ011502.1","General Bacterial Porin with reduced permeability to beta-lactams","carbapenem;cephalosporin;cephamycin;monobactam;penam;penem","reduced permeability to antibiotic"
"LEN_15.3002478.AF452105.0_840.1268","LEN_15",3002478,"AF452105","0_840",38878,"LEN-15","AAL50725.1","AF452105","LEN beta-lactamase","penam;penem","antibiotic inactivation"
"LptD.3005059.CP007727.1.807206_809555.6094","LptD",3005059,"CP007727 . 1","807206_809555",43261,"LptD","AIA35096.1","CP007727.1","ATP-binding cassette (ABC) antibiotic efflux pump","aminocoumarin antibiotic;carbapenem;peptide antibiotic;rifamycin antibiotic","antibiotic efflux"
"MCR_9.1.3004684.NC_021819.1.16013_17633.5569","MCR_9",3004684,"3004684","NC_021819",42734,"MCR-9.1","WP_001572373.1","NC_021819.1","MCR phosphoethanolamine transferase","peptide antibiotic","antibiotic target alteration"
"OmpA.3005044.FO834906.1.2173974_2175099.6080","OmpA",3005044,"FO834906 . 1","2173974_2175099",43242,"OmpA","CDO13836.1","FO834906.1","General Bacterial Porin with reduced permeability to beta-lactams","carbapenem;cephalosporin;cephamycin;monobactam;penam;penem","reduced permeability to antibiotic"
"SHV_100.3001338.AM941846.0_900.1542","SHV_100",3001338,"AM941846","0_900",37738,"SHV-100","CAQ03505.1","AM941846","SHV beta-lactamase","carbapenem;cephalosporin;penam","antibiotic inactivation"
"acrA.3004041.AJ318073.1.793_1990.3994","acrA",3004041,"AJ318073 . 1","793_1990",41088,"Klebsiella pneumoniae acrA","CAC41008.1","AJ318073.1","resistance-nodulation-cell division (RND) antibiotic efflux pump","cephalosporin;fluoroquinolone antibiotic;glycylcycline;penam;phenicol antibiotic;rifamycin antibiotic;tetracycline antibiotic;triclosan","antibiotic efflux"
"acrA.3004042.DQ679966.299_1493.3995","acrA",3004042,"DQ679966","299_1493",41089,"Enterobacter cloacae acrA","ABG77965.1","DQ679966","resistance-nodulation-cell division (RND) antibiotic efflux pump","cephalosporin;fluoroquinolone antibiotic;glycylcycline;penam;phenicol antibiotic;rifamycin antibiotic;tetracycline antibiotic;triclosan","antibiotic efflux"
"acrR.3003373.CP000647.489264_489915.2069","acrR",3003373,"CP000647","489264_489915",39957,"Klebsiella pneumoniae acrR with mutation conferring multidrug antibiotic resistance","ABR75897.1","CP000647","resistance-nodulation-cell division (RND) antibiotic efflux pump","cephalosporin;fluoroquinolone antibiotic;glycylcycline;penam;phenicol antibiotic;rifamycin antibiotic;tetracycline antibiotic;triclosan","antibiotic efflux;antibiotic target alteration"
"eptB.3005047.FO203501.1.5123640_5125365.6086","eptB",3005047,"FO203501 . 1","5123640_5125365",43246,"eptB","CCI79240.1","FO203501.1","pmr phosphoethanolamine transferase","peptide antibiotic","antibiotic target alteration"
"fabG.3004049.U00096.3.1150669_1151404.5523","fabG",3004049,"U00096 . 3","1150669_1151404",41114,"Escherichia coli fabG mutations conferring resistance to triclosan","AAC74177.1","U00096.3","antibiotic resistant fabG","triclosan","antibiotic target alteration"
"gyrA.3003940.AE005674.2.2352231_2354859.5265","gyrA",3003940,"AE005674 . 2","2352231_2354859",40664,"Shigella flexneri gyrA conferring resistance to fluoroquinolones","AAN43827.1","AE005674.2","fluoroquinolone resistant gyrA","fluoroquinolone antibiotic;nybomycin","antibiotic target alteration"
"gyrB.3003307.AE006468.2.4038867_4041282.5308","gyrB",3003307,"AE006468 . 2","4038867_4041282",39891,"Salmonella serovars gyrB conferring resistance to fluoroquinolones","AAL22694.1","AE006468.2","fluoroquinolone resistant gyrB","aminocoumarin antibiotic;fluoroquinolone antibiotic","antibiotic target alteration"
"oqxA.3003922.EU370913.1.46651_47827.5460","oqxA",3003922,"EU370913 . 1","46651_47827",40631,"oqxA","AAP43109.1","EU370913.1","resistance-nodulation-cell division (RND) antibiotic efflux pump","diaminopyrimidine antibiotic;fluoroquinolone antibiotic;glycylcycline;nitrofuran antibiotic;tetracycline antibiotic","antibiotic efflux"
"oqxB.3003923.EU370913.1.47850_51003.5462","oqxB",3003923,"EU370913 . 1","47850_51003",40632,"oqxB","AAP43110.2","EU370913.1","resistance-nodulation-cell division (RND) antibiotic efflux pump","diaminopyrimidine antibiotic;fluoroquinolone antibiotic;glycylcycline;nitrofuran antibiotic;tetracycline antibiotic","antibiotic efflux"
"ramR.3003380.CP000647.1.622039_622621.4572","ramR",3003380,"CP000647 . 1","622039_622621",39964,"Klebsiella pneumoniae ramR mutants","ABR76005.1","CP000647.1","resistance-nodulation-cell division (RND) antibiotic efflux pump","cephalosporin;fluoroquinolone antibiotic;glycylcycline;penam;phenicol antibiotic;rifamycin antibiotic;tetracycline antibiotic;triclosan","antibiotic efflux;antibiotic target alteration"
"rrsD.3003512.AE006468.3570463_3572006.3227","rrsD",3003512,"AE006468","3570463_3572006",40114,"Salmonella enterica 16S rRNA (rrsD) mutation conferring resistance to spectinomycin",NA,"AE006468","16s rRNA with mutation conferring resistance to aminoglycoside antibiotics","aminoglycoside antibiotic;glycopeptide antibiotic;glycylcycline;nucleoside antibiotic;peptide antibiotic;tetracycline antibiotic","antibiotic target alteration"
"Clostridioides_difficile_EF_Tu.3003357.CP012325.1.109610_110804.5256","Clostridioides_difficile_EF_Tu",3003357,"CP012325 . 1","109610_110804",39941,"Clostridioides difficile EF-Tu mutants conferring resistance to elfamycin","AXU66539.1","CP012325.1","elfamycin resistant EF-Tu","elfamycin antibiotic","antibiotic target alteration"
"TEM_124.3000986.AY327540.0_858.1398","TEM_124",3000986,"AY327540","0_858",37366,"TEM-124","AAQ93491.1","AY327540","TEM beta-lactamase","cephalosporin;monobactam;penam;penem","antibiotic inactivation"
"YojI.3003952.U00096.3.2306971_2308615.5261","YojI",3003952,"U00096 . 3","2306971_2308615",40722,"YojI","AAC75271.1","U00096.3","ATP-binding cassette (ABC) antibiotic efflux pump","peptide antibiotic","antibiotic efflux"
"tet_A_.3000165.AF534183.1.2970_4245.5213","tet_A_",3000165,"AF534183 . 1","2970_4245",36304,"tet(A)","AAN06707.1","AF534183.1","major facilitator superfamily (MFS) antibiotic efflux pump","tetracycline antibiotic","antibiotic efflux"
"CfxA5.3003096.AY769934.27_993.1669","CfxA5",3003096,"AY769934","27_993",39649,"CfxA5","AAV37206.1","AY769934","CfxA beta-lactamase","cephamycin","antibiotic inactivation"
"Mycoplasma_genitalium_23S.3004616.L43967.2.171727_174461.5599","Mycoplasma_genitalium_23S",3004616,"L43967 . 2","171727_174461",42584,"Mycoplasma genitalium 23S rRNA mutations confers resistance to fluoroquinolone and macrolide antibiotics",NA,"L43967.2","23S rRNA with mutation conferring resistance to macrolide antibiotics","glycopeptide antibiotic;lincosamide antibiotic;macrolide antibiotic;phenicol antibiotic;pleuromutilin antibiotic;streptogramin antibiotic","antibiotic target alteration"
"TEM_37.3000907.NG_068214.1.100_961.6346","TEM_37",3000907,"NG_068214 . 1","100_961",37287,"TEM-37","WP_159373457.1","NG_068214.1","TEM beta-lactamase","cephalosporin;monobactam;penam;penem","antibiotic inactivation"
"catP.3002686.U15027.0_624.571","catP",3002686,"U15027","0_624",39120,"catP","AAB51421.1","U15027","chloramphenicol acetyltransferase (CAT)","phenicol antibiotic","antibiotic inactivation"
"rrsC.3003333.U00096.3941808_3943349.3229","rrsC",3003333,"U00096","3941808_3943349",39917,"Escherichia coli 16S rRNA (rrsC) mutation conferring resistance to kasugamicin",NA,"U00096","16s rRNA with mutation conferring resistance to aminoglycoside antibiotics","aminoglycoside antibiotic;glycopeptide antibiotic;glycylcycline;nucleoside antibiotic;peptide antibiotic;tetracycline antibiotic","antibiotic target alteration"
"cepA.3003559.U05883.555_1458.3285","cepA",3003559,"U05883","555_1458",40165,"cepA","AAA21532.1","U05883","cepA beta-lactamase","cephalosporin","antibiotic inactivation"
"Escherichia_coli_GlpT.3003889.HG738867.2233288_2234647.4617","Escherichia_coli_GlpT",3003889,"HG738867","2233288_2234647",40588,"Escherichia coli GlpT with mutation conferring resistance to fosfomycin","CDJ72593","HG738867","antibiotic-resistant GlpT","fosfomycin","antibiotic target alteration"
"mdfA.3001328.JQ394987.0_1233.561","mdfA",3001328,"JQ394987","0_1233",37727,"Escherichia coli mdfA","AFH35853.1","JQ394987","major facilitator superfamily (MFS) antibiotic efflux pump","benzalkonium chloride;rhodamine;tetracycline antibiotic","antibiotic efflux"
"rrsB.3003547.NC_008596.1.5027948_5029475.3248","rrsB",3003547,"NC_008596 . 1","5027948_5029475",40149,"Mycolicibacterium smegmatis 16S rRNA (rrsB) mutation conferring resistance to viomycin",NA,"NC_008596.1","16s rRNA with mutation conferring resistance to peptide antibiotics","aminoglycoside antibiotic;glycopeptide antibiotic;glycylcycline;nucleoside antibiotic;peptide antibiotic;tetracycline antibiotic","antibiotic target alteration"
"soxS.3003511.U00096.3.4277059_4277383.5276","soxS",3003511,"U00096 . 3","4277059_4277383",40113,"Escherichia coli soxS with mutation conferring antibiotic resistance","AAC77032.1","U00096.3","ATP-binding cassette (ABC) antibiotic efflux pump;General Bacterial Porin with reduced permeability to beta-lactams;major facilitator superfamily (MFS) antibiotic efflux pump;resistance-nodulation-cell division (RND) antibiotic efflux pump","carbapenem;cephalosporin;cephamycin;fluoroquinolone antibiotic;glycylcycline;monobactam;penam;penem;phenicol antibiotic;rifamycin antibiotic;tetracycline antibiotic;triclosan","antibiotic efflux;antibiotic target alteration;reduced permeability to antibiotic"
"tetR.3003479.AL513383.179218_179845.2090","tetR",3003479,"AL513383","179218_179845",40072,"tetR","CAD09823.1","AL513383","major facilitator superfamily (MFS) antibiotic efflux pump","tetracycline antibiotic","antibiotic efflux;antibiotic target alteration"
"Mycobacterium_tuberculosis_16S.3004853.AL123456.3.1471845_1473382.5921","Mycobacterium_tuberculosis_16S",3004853,"AL123456 . 3","1471845_1473382",42989,"Mycobacterium tuberculosis 16S rRNA mutation conferring resistance to capreomycin",NA,"AL123456.3","16s rRNA with mutation conferring resistance to aminoglycoside antibiotics","aminoglycoside antibiotic;glycopeptide antibiotic;glycylcycline;nucleoside antibiotic;peptide antibiotic;tetracycline antibiotic","antibiotic target alteration"
"Mycolicibacterium_smegmatis_23S.3004169.AB011184.1.0_3162.4161","Mycolicibacterium_smegmatis_23S",3004169,"AB011184 . 1","0_3162",41319,"Mycolicibacterium smegmatis 23S rRNA with mutation conferring resistance to clarithromycin",NA,"AB011184.1","23S rRNA with mutation conferring resistance to macrolide antibiotics","glycopeptide antibiotic;lincosamide antibiotic;macrolide antibiotic;phenicol antibiotic;pleuromutilin antibiotic;streptogramin antibiotic","antibiotic target alteration"
"tetA_P_.3000180.L20800.1062_2325.30","tetA_P_",3000180,"L20800","1062_2325",36319,"tetA(P)","AAA20116.1","L20800","major facilitator superfamily (MFS) antibiotic efflux pump","tetracycline antibiotic","antibiotic efflux"
"AAC_6___Iih.3002590.AJ584701.10_562.250","AAC_6___Iih",3002590,"AJ584701","10_562",38990,"AAC(6')-Iih","CAE50926.1","AJ584701","AAC(6')","aminoglycoside antibiotic","antibiotic inactivation"
"Enterococcus_faecium_EF_Tu.3003438.CP003583.1.60337_61609.5307","Enterococcus_faecium_EF_Tu",3003438,"CP003583 . 1","60337_61609",40022,"Enterococcus faecium EF-Tu mutants conferring resistance to GE2270A","AFK57679.1","CP003583.1","elfamycin resistant EF-Tu","elfamycin antibiotic","antibiotic target alteration"
"rrsB.3003540.X52922.1.0_1454.4148","rrsB",3003540,"X52922 . 1","0_1454",40142,"Mycolicibacterium smegmatis 16S rRNA (rrsB) mutation conferring resistance to hygromycin B",NA,"X52922.1","16s rRNA with mutation conferring resistance to aminoglycoside antibiotics","aminoglycoside antibiotic;glycopeptide antibiotic;glycylcycline;nucleoside antibiotic;peptide antibiotic;tetracycline antibiotic","antibiotic target alteration"
"vanG.3002909.DQ212986.5984_7034.300","vanG",3002909,"DQ212986","5984_7034",39343,"vanG","ABA71731.1","DQ212986","glycopeptide resistance gene cluster;van ligase","glycopeptide antibiotic","antibiotic target alteration"
"vanTG.3002972.DQ212986.7787_9926.217","vanTG",3002972,"DQ212986","7787_9926",39406,"vanTG","ABA71733.1","DQ212986","glycopeptide resistance gene cluster;vanT","glycopeptide antibiotic","antibiotic target alteration"
"vanXYG.3003069.DQ212986.7030_7795.123","vanXYG",3003069,"DQ212986","7030_7795",39549,"vanXYG","ABA71732.1","DQ212986","glycopeptide resistance gene cluster;vanXY","glycopeptide antibiotic","antibiotic target alteration"
"mphA.3000316.D16251.1.1625_2531.5188","mphA",3000316,"D16251 . 1","1625_2531",36455,"mphA","BAA03776.1","D16251.1","macrolide phosphotransferase (MPH)","macrolide antibiotic","antibiotic inactivation"
"Enterococcus_faecium_cls.3003092.CP013009.1.1008840_1010292.4733","Enterococcus_faecium_cls",3003092,"CP013009 . 1","1008840_1010292",39639,"Enterococcus faecium cls conferring resistance to daptomycin","ALL09868.1","CP013009.1","daptomycin resistant cls","peptide antibiotic","antibiotic target alteration"
"efmA.3003954.AB467372.1.284_1571.3757","efmA",3003954,"AB467372 . 1","284_1571",40724,"efmA","BAG75524.1","AB467372.1","major facilitator superfamily (MFS) antibiotic efflux pump","fluoroquinolone antibiotic;macrolide antibiotic","antibiotic efflux"
"msrC.3002819.AF313494.0_1479.363","msrC",3002819,"AF313494","0_1479",39253,"msrC","AAK01167.1","AF313494","ABC-F ATP-binding cassette ribosomal protection protein","lincosamide antibiotic;macrolide antibiotic;oxazolidinone antibiotic;phenicol antibiotic;pleuromutilin antibiotic;streptogramin antibiotic;tetracycline antibiotic","antibiotic target protection"
"Mycobacterium_avium_23S.3004164.NG_041979.1.0_3112.4157","Mycobacterium_avium_23S",3004164,"NG_041979 . 1","0_3112",41312,"Mycobacterium avium 23S rRNA with mutation conferring resistance to clarithromycin",NA,"NG_041979.1","23S rRNA with mutation conferring resistance to macrolide antibiotics","glycopeptide antibiotic;lincosamide antibiotic;macrolide antibiotic;phenicol antibiotic;pleuromutilin antibiotic;streptogramin antibiotic","antibiotic target alteration"
"Neisseria_gonorrhoeae_16S.3003495.CP020418.383737_385288.4136","Neisseria_gonorrhoeae_16S",3003495,"CP020418","383737_385288",40097,"Neisseria gonorrhoeae 16S rRNA mutation conferring resistance to spectinomycin",NA,"CP020418","16s rRNA with mutation conferring resistance to aminoglycoside antibiotics","aminoglycoside antibiotic;glycopeptide antibiotic;glycylcycline;nucleoside antibiotic;peptide antibiotic;tetracycline antibiotic","antibiotic target alteration"
"bacA.3002986.U00096.3.3203309_3204131.4677","bacA",3002986,"U00096 . 3","3203309_3204131",39420,"bacA","AAC76093.1","U00096.3","undecaprenyl pyrophosphate related proteins","peptide antibiotic","antibiotic target alteration"
"mipA.3004127.NC_002695.2.2467467_2468214.5859","mipA",3004127,"NC_002695 . 2","2467467_2468214",41253,"Escherichia coli mipA","NP_310518","NC_002695.2","MipA-interacting Protein","aminoglycoside antibiotic;fluoroquinolone antibiotic","reduced permeability to antibiotic;resistance by absence"
"qacE.3005009.HQ730118.1.5174_5507.6044","qacE",3005009,"HQ730118 . 1","5174_5507",43197,"qacE","AEH26330.1","HQ730118.1","major facilitator superfamily (MFS) antibiotic efflux pump","disinfecting agents and intercalating dyes","antibiotic efflux"
"sul1.3000410.JF969163.1053_1893.340","sul1",3000410,"JF969163","1053_1893",36549,"sul1","AEJ33969.1","JF969163","sulfonamide resistant sul","sulfonamide antibiotic;sulfone antibiotic","antibiotic target replacement"
"tet_C_.3000167.AY043299.1.3984_5175.5826","tet_C_",3000167,"AY043299 . 1","3984_5175",36306,"tet(C)","AAK97755.1","AY043299.1","major facilitator superfamily (MFS) antibiotic efflux pump","tetracycline antibiotic","antibiotic efflux"
"tet_W_N_W_.3004442.KU736867.1.19653_21573.4270","tet_W_N_W_",3004442,"KU736867 . 1","19653_21573",41634,"tet(W/N/W)","AMP42147.1","KU736867.1","tetracycline-resistant ribosomal protection protein","tetracycline antibiotic","antibiotic target protection"
"CepA_29.3006224.NG_050385.1.101_1003.6817","CepA_29",3006224,"NG_050385 . 1","101_1003",44686,"CepA-29","WP_063865204.1","NG_050385.1","cepA beta-lactamase","cephalosporin","antibiotic inactivation"
"Escherichia_coli_LamB.3004126.BA000007.5101244_5102585.4102","Escherichia_coli_LamB",3004126,"BA000007","5101244_5102585",41252,"Escherichia coli LamB","BAB38442","BA000007","Sugar Porin (SP)","fluoroquinolone antibiotic;tetracycline antibiotic","reduced permeability to antibiotic;resistance by absence"
"cyaA.3003900.HG738867.2786398_2788945.5882","cyaA",3003900,"HG738867","2786398_2788945",40602,"Escherichia coli cyaA with mutation conferring resistance to fosfomycin","CDJ73082","HG738867","antibiotic-resistant cya adenylate cyclase","fosfomycin","antibiotic target alteration"
"ErmQ.3000593.L22689.261_1035.678","ErmQ",3000593,"L22689","261_1035",36732,"ErmQ","AAC36915.1","L22689","Erm 23S ribosomal RNA methyltransferase","lincosamide antibiotic;macrolide antibiotic;streptogramin antibiotic","antibiotic target alteration"
"H_NS.3000676.BA000007.3.1737690_1738104.5476","H_NS",3000676,"BA000007 . 3","1737690_1738104",37020,"H-NS","BAB35162.1","BA000007.3","major facilitator superfamily (MFS) antibiotic efflux pump;resistance-nodulation-cell division (RND) antibiotic efflux pump","cephalosporin;cephamycin;fluoroquinolone antibiotic;macrolide antibiotic;penam;tetracycline antibiotic","antibiotic efflux"
"PmrF.3003578.U00096.2367070_2368039.2115","PmrF",3003578,"U00096","2367070_2368039",40188,"PmrF","AAC75314.1","U00096","pmr phosphoethanolamine transferase","peptide antibiotic","antibiotic target alteration"
"baeR.3000828.AP009048.1.2166412_2167135.5369","baeR",3000828,"AP009048 . 1","2166412_2167135",37208,"baeR","BAA15935.1","AP009048.1","resistance-nodulation-cell division (RND) antibiotic efflux pump","aminocoumarin antibiotic;aminoglycoside antibiotic","antibiotic efflux"
"baeS.3000829.AP009048.2165012_2166416.608","baeS",3000829,"AP009048","2165012_2166416",37209,"baeS","BAA15934.1","AP009048","resistance-nodulation-cell division (RND) antibiotic efflux pump","aminocoumarin antibiotic;aminoglycoside antibiotic","antibiotic efflux"
"emrB.3000074.U00096.2812615_2814154.20","emrB",3000074,"U00096","2812615_2814154",36213,"emrB","AAC75733.1","U00096","major facilitator superfamily (MFS) antibiotic efflux pump","fluoroquinolone antibiotic","antibiotic efflux"
"emrR.3000516.U00096.3.2810769_2811300.5286","emrR",3000516,"U00096 . 3","2810769_2811300",36655,"emrR","AAC75731.1","U00096.3","major facilitator superfamily (MFS) antibiotic efflux pump","fluoroquinolone antibiotic","antibiotic efflux"
"emrY.3000254.D78168.1591_3130.65","emrY",3000254,"D78168","1591_3130",36393,"emrY","BAA11237.1","D78168","major facilitator superfamily (MFS) antibiotic efflux pump","tetracycline antibiotic","antibiotic efflux"
"fabI.3004045.U00096.3.1350250_1351039.5254","fabI",3004045,"U00096 . 3","1350250_1351039",41097,"Escherichia coli fabI mutations conferring resistance to isoniazid and triclosan","AAC74370.1","U00096.3","antibiotic resistant fabI","isoniazid;triclosan","antibiotic target alteration"
"folP.3003386.U00096.3.3324062_3324911.5412","folP",3003386,"U00096 . 3","3324062_3324911",39970,"Escherichia coli folP with mutation conferring resistance to sulfonamides","AAC76209.2","U00096.3","sulfonamide resistant dihydropteroate synthase folP","sulfonamide antibiotic;sulfone antibiotic","antibiotic target alteration"
"kdpE.3003841.U00096.3.721055_721733.5205","kdpE",3003841,"U00096 . 3","721055_721733",40534,"kdpE","AAC73788.1","U00096.3","kdpDE","aminoglycoside antibiotic","antibiotic efflux"
"marR.3003378.U00096.1619119_1619554.2097","marR",3003378,"U00096","1619119_1619554",39962,"Escherichia coli marR mutant conferring antibiotic resistance","AAC74603.2","U00096","resistance-nodulation-cell division (RND) antibiotic efflux pump","cephalosporin;fluoroquinolone antibiotic;glycylcycline;penam;phenicol antibiotic;rifamycin antibiotic;tetracycline antibiotic;triclosan","antibiotic efflux;antibiotic target alteration"
"mdtA.3000792.U00096.2154015_2155263.15","mdtA",3000792,"U00096","2154015_2155263",37172,"mdtA","AAC75135.2","U00096","resistance-nodulation-cell division (RND) antibiotic efflux pump","aminocoumarin antibiotic","antibiotic efflux"
"mdtC.3000794.U00096.2158385_2161463.257","mdtC",3000794,"U00096","2158385_2161463",37174,"mdtC","AAC75137.1","U00096","resistance-nodulation-cell division (RND) antibiotic efflux pump","aminocoumarin antibiotic","antibiotic efflux"
"mdtG.3001329.CP000800.1.1191727_1192954.4574","mdtG",3001329,"CP000800 . 1","1191727_1192954",37728,"mdtG","ABV18113.1","CP000800.1","major facilitator superfamily (MFS) antibiotic efflux pump","fosfomycin","antibiotic efflux"
"mdtH.3001216.U00096.1124117_1125326.4493","mdtH",3001216,"U00096","1124117_1125326",37615,"mdtH","AAC74149.2","U00096","major facilitator superfamily (MFS) antibiotic efflux pump","fluoroquinolone antibiotic","antibiotic efflux"
"mdtM.3001214.U00096.3.4567286_4568519.4730","mdtM",3001214,"U00096 . 3","4567286_4568519",37613,"mdtM","AAC77293.1","U00096.3","major facilitator superfamily (MFS) antibiotic efflux pump","acridine dye;disinfecting agents and intercalating dyes;fluoroquinolone antibiotic;lincosamide antibiotic;nucleoside antibiotic;phenicol antibiotic","antibiotic efflux"
"mdtP.3003550.AP009048.1.4303042_4304509.4454","mdtP",3003550,"AP009048 . 1","4303042_4304509",40152,"mdtP","BAE78082.1","AP009048.1","major facilitator superfamily (MFS) antibiotic efflux pump","acridine dye;disinfecting agents and intercalating dyes;nucleoside antibiotic","antibiotic efflux"
"mgrB.3003820.NC_000913.3.1908622_1908766.5880","mgrB",3003820,"NC_000913 . 3","1908622_1908766",40510,"mgrB","NP_416340.1","NC_000913.3","ATP-binding cassette (ABC) antibiotic efflux pump;pmr phosphoethanolamine transferase","macrolide antibiotic;peptide antibiotic","antibiotic efflux;antibiotic target alteration;resistance by absence"
"ompF.3003390.U00096.3.985893_986982.5413","ompF",3003390,"U00096 . 3","985893_986982",39974,"Escherichia coli ompF with mutation conferring resistance to beta-lactam antibiotics","AAC74015.1","U00096.3","General Bacterial Porin with reduced permeability to beta-lactams","carbapenem;cephalosporin;cephamycin;monobactam;penam;penem","reduced permeability to antibiotic"
"parC.3003941.AE005674.2.3159154_3161413.5263","parC",3003941,"AE005674 . 2","3159154_3161413",40666,"Shigella flexneri parC conferring resistance to fluoroquinolones","AAN44541.1","AE005674.2","fluoroquinolone resistant parC","fluoroquinolone antibiotic","antibiotic target alteration"
"Mycoplasma_gallisepticum_23S.3004159.NC_004829.2.80510_83423.4152","Mycoplasma_gallisepticum_23S",3004159,"NC_004829 . 2","80510_83423",41306,"Mycoplasma gallisepticum 23S rRNA mutation conferring resistance to pleuromutilin antibiotics",NA,"NC_004829.2","23S rRNA with mutation conferring resistance to pleuromutilin antibiotics","glycopeptide antibiotic;lincosamide antibiotic;macrolide antibiotic;phenicol antibiotic;pleuromutilin antibiotic;streptogramin antibiotic","antibiotic target alteration"
"aadA2.3002602.AF156486.5012_5792.3404","aadA2",3002602,"AF156486","5012_5792",39002,"aadA2","AAF27727.1","AF156486","ANT(3'')","aminoglycoside antibiotic","antibiotic inactivation"
"aadA8.3002608.AY139603.106_898.558","aadA8",3002608,"AY139603","106_898",39008,"aadA8","AAN41439.1","AY139603","ANT(3'')","aminoglycoside antibiotic","antibiotic inactivation"
"catI.3002683.V00622.243_903.482","catI",3002683,"V00622","243_903",39117,"catI","CAA23899.1","V00622","chloramphenicol acetyltransferase (CAT)","phenicol antibiotic","antibiotic inactivation"
"lmrD.3002882.CP033607.1.310893_312888.5589","lmrD",3002882,"CP033607 . 1","310893_312888",39316,"lmrD","AYV52072.1","CP033607.1","ATP-binding cassette (ABC) antibiotic efflux pump","lincosamide antibiotic","antibiotic efflux"
"qacEdelta1.3005010.U49101.1.1490_1838.6045","qacEdelta1",3005010,"U49101 . 1","1490_1838",43198,"qacEdelta1","AAC44316.1","U49101.1","major facilitator superfamily (MFS) antibiotic efflux pump","acridine dye;disinfecting agents and intercalating dyes","antibiotic efflux"
"Enterococcus_faecalis_YybT.3003797.AE016830.1.10732_12709.5217","Enterococcus_faecalis_YybT",3003797,"AE016830 . 1","10732_12709",40482,"Enterococcus faecalis YybT with mutation conferring daptomycin resistance","AAO79895.1","AE016830.1","daptomycin resistant YybT","peptide antibiotic","antibiotic target alteration"
"Enterococcus_faecalis_cls.3003760.CP002621.1.376485_377931.3537","Enterococcus_faecalis_cls",3003760,"CP002621 . 1","376485_377931",40417,"Enterococcus faecalis cls with mutation conferring resistance to daptomycin","AEA93051.1","CP002621.1","daptomycin resistant cls","peptide antibiotic","antibiotic target alteration"
"efrA.3003948.NZ_PTWF01000025.1.35858_37586.5893","efrA",3003948,"NZ_PTWF01000025 . 1","35858_37586",40703,"efrA","WP_104671188.1","NZ_PTWF01000025.1","ATP-binding cassette (ABC) antibiotic efflux pump","fluoroquinolone antibiotic;macrolide antibiotic;rifamycin antibiotic","antibiotic efflux"
"emeA.3003551.AB091338.173_1355.3290","emeA",3003551,"AB091338","173_1355",40153,"emeA","BAC11911.1","AB091338","multidrug and toxic compound extrusion (MATE) transporter","acridine dye;disinfecting agents and intercalating dyes","antibiotic efflux"
"gshF.3003805.CP014949.1.1661364_1663635.5214","gshF",3003805,"CP014949 . 1","1661364_1663635",40490,"Enterococcus faecalis gshF with mutation conferring daptomycin resistance","AMR95642.1","CP014949.1","daptomycin resistant gshF","peptide antibiotic","antibiotic target alteration"
"liaF.3003077.AE016830.1.2790820_2791552.4744","liaF",3003077,"AE016830 . 1","2790820_2791552",39624,"Enterococcus faecalis liaF mutant conferring daptomycin resistance","AAO82601.1","AE016830.1","daptomycin resistant liaF","peptide antibiotic","antibiotic efflux;antibiotic target alteration"
"liaR.3003792.AE016830.1.2789113_2789746.5215","liaR",3003792,"AE016830 . 1","2789113_2789746",40477,"Enterococcus faecalis liaR mutant conferring daptomycin resistance","AAO82599.1","AE016830.1","daptomycin resistant liaR","peptide antibiotic","antibiotic efflux;antibiotic target alteration"
"liaS.3003791.AE016830.1.2789720_2790824.4629","liaS",3003791,"AE016830 . 1","2789720_2790824",40476,"Enterococcus faecalis liaS mutant conferring daptomycin resistance","AAO82600.1","AE016830.1","daptomycin resistant liaS","peptide antibiotic","antibiotic efflux;antibiotic target alteration"
"lsaA.3000300.AY225127.1.40_1537.5171","lsaA",3000300,"AY225127 . 1","40_1537",36439,"lsaA","AAO43110.1","AY225127.1","ABC-F ATP-binding cassette ribosomal protection protein","lincosamide antibiotic;macrolide antibiotic;oxazolidinone antibiotic;phenicol antibiotic;pleuromutilin antibiotic;streptogramin antibiotic;tetracycline antibiotic","antibiotic target protection"
"AAC_6___Ib7.3002578.KR091911.1.74564_75350.5850","AAC_6___Ib7",3002578,"KR091911 . 1","74564_75350",38978,"AAC(6')-Ib7","AKN19287.1","KR091911.1","AAC(6')","aminoglycoside antibiotic","antibiotic inactivation"
"aadA.3002601.AF550679.1.80976_81768.5220","aadA",3002601,"AF550679 . 1","80976_81768",39001,"aadA","AAO49597.1","AF550679.1","ANT(3'')","aminoglycoside antibiotic","antibiotic inactivation"
"Mycobacterium_tuberculosis_23S.3004937.AL123456.3.1473657_1476795.6024","Mycobacterium_tuberculosis_23S",3004937,"AL123456 . 3","1473657_1476795",43123,"Mycobacterium tuberculosis 23S rRNA mutation conferring resistance to capreomycin",NA,"AL123456.3","23s rRNA with mutation conferring resistance to aminoglycoside antibiotics","aminoglycoside antibiotic;glycopeptide antibiotic;lincosamide antibiotic;macrolide antibiotic;phenicol antibiotic;pleuromutilin antibiotic;streptogramin antibiotic","antibiotic target alteration"
"Streptococcus_pneumoniae_PBP2b.3003042.AE007317.1.1494215_1496273.5531","Streptococcus_pneumoniae_PBP2b",3003042,"AE007317 . 1","1494215_1496273",39476,"Streptococcus pneumoniae PBP2b conferring resistance to amoxicillin","AAL00321.1","AE007317.1","Penicillin-binding protein mutations conferring resistance to beta-lactam antibiotics","carbapenem;cephalosporin;cephamycin;monobactam;penam","antibiotic target alteration"
"aadA5.3002605.AF137361.63_852.471","aadA5",3002605,"AF137361","63_852",39005,"aadA5","AAF17880.1","AF137361","ANT(3'')","aminoglycoside antibiotic","antibiotic inactivation"
"Propionibacteria_23S_rRNA.3004161.Y10819.1.1849_4984.4155","Propionibacteria_23S_rRNA",3004161,"Y10819 . 1","1849_4984",41308,"Propionibacteria 23S rRNA with mutation conferring resistance to macrolide antibiotics",NA,"Y10819.1","23S rRNA with mutation conferring resistance to macrolide antibiotics","glycopeptide antibiotic;lincosamide antibiotic;macrolide antibiotic;phenicol antibiotic;pleuromutilin antibiotic;streptogramin antibiotic","antibiotic target alteration"
"ACT_17.3001838.KF992026.753_1899.1418","ACT_17",3001838,"KF992026","753_1899",38238,"ACT-17","AHM76771.1","KF992026","ACT beta-lactamase","carbapenem;cephalosporin;cephamycin;penam","antibiotic inactivation"
"APH_2____IIIa.3002636.U51479.0_921.181","APH_2____IIIa",3002636,"U51479","0_921",39036,"APH(2'')-IIIa","AAB49832.1","U51479","APH(2'')","aminoglycoside antibiotic","antibiotic inactivation"
"LnuP.3004601.FJ589781.1.1302_1803.5200","LnuP",3004601,"FJ589781 . 1","1302_1803",42534,"LnuP","ACS83559.1","FJ589781.1","lincosamide nucleotidyltransferase (LNU)","lincosamide antibiotic","antibiotic inactivation"
"EC_15.3006876.NG_049081.1.101_1234.6965","EC_15",3006876,"NG_049081 . 1","101_1234",45338,"EC-15","WP_063610930.1","NG_049081.1","EC beta-lactamase","cephalosporin","antibiotic inactivation"
"Escherichia_coli_EF_Tu.3003369.AE014075.1.3901532_3902762.4655","Escherichia_coli_EF_Tu",3003369,"AE014075 . 1","3901532_3902762",39953,"Escherichia coli EF-Tu mutants conferring resistance to Pulvomycin","AAN82549.1","AE014075.1","elfamycin resistant EF-Tu","elfamycin antibiotic","antibiotic target alteration"
"Escherichia_coli_UhpA.3003893.HG738867.2930707_2931298.3671","Escherichia_coli_UhpA",3003893,"HG738867","2930707_2931298",40595,"Escherichia coli UhpA with mutation conferring resistance to fosfomycin","CDJ73205","HG738867","antibiotic-resistant UhpT","fosfomycin","antibiotic target alteration"
"Escherichia_coli_ampC1.3004611.FN649414.1.2765050_2766355.5236","Escherichia_coli_ampC1",3004611,"FN649414 . 1","2765050_2766355",42575,"Escherichia coli ampC1 beta-lactamase","CBJ02047.1","FN649414.1","ampC-type beta-lactamase","cephalosporin;penam","antibiotic inactivation"
"marA.3000263.AP009048.1.1621287_1621671.5219","marA",3000263,"AP009048 . 1","1621287_1621671",36402,"marA","BAA15221.2","AP009048.1","General Bacterial Porin with reduced permeability to beta-lactams;resistance-nodulation-cell division (RND) antibiotic efflux pump","carbapenem;cephalosporin;cephamycin;fluoroquinolone antibiotic;glycylcycline;monobactam;penam;penem;phenicol antibiotic;rifamycin antibiotic;tetracycline antibiotic;triclosan","antibiotic efflux;reduced permeability to antibiotic"
"Mycobacteroides_abscessus_23S.3004163.NC_010397.1.1464207_1467319.4156","Mycobacteroides_abscessus_23S",3004163,"NC_010397 . 1","1464207_1467319",41311,"Mycobacteroides abscessus 23S rRNA with mutation conferring resistance to clarithromycin",NA,"NC_010397.1","23S rRNA with mutation conferring resistance to macrolide antibiotics","glycopeptide antibiotic;lincosamide antibiotic;macrolide antibiotic;phenicol antibiotic;pleuromutilin antibiotic;streptogramin antibiotic","antibiotic target alteration"
"tetS.3000192.L09756.0_1926.619","tetS",3000192,"L09756","0_1926",36331,"tetS","AAA25293.1","L09756","tetracycline-resistant ribosomal protection protein","tetracycline antibiotic","antibiotic target protection"
"CfxA4.3003005.AY769933.0_966.1592","CfxA4",3003005,"AY769933","0_966",39439,"CfxA4","AAV37205.1","AY769933","CfxA beta-lactamase","cephamycin","antibiotic inactivation"
"Mycobacterium_kansasii_23S.3004168.NZ_CP019883.1.5018387_5021505.4178","Mycobacterium_kansasii_23S",3004168,"NZ_CP019883 . 1","5018387_5021505",41318,"Mycobacterium kansasii 23S rRNA with mutation conferring resistance to clarithromycin",NA,"NZ_CP019883.1","23S rRNA with mutation conferring resistance to macrolide antibiotics","glycopeptide antibiotic;lincosamide antibiotic;macrolide antibiotic;phenicol antibiotic;pleuromutilin antibiotic;streptogramin antibiotic","antibiotic target alteration"
"lsaE.3003206.AF408195.1.9446_10250.5177","lsaE",3003206,"AF408195 . 1","9446_10250",39790,"lsaE","AAL05554.1","AF408195.1","ABC-F ATP-binding cassette ribosomal protection protein","lincosamide antibiotic;macrolide antibiotic;oxazolidinone antibiotic;phenicol antibiotic;pleuromutilin antibiotic;streptogramin antibiotic;tetracycline antibiotic","antibiotic target protection"
"rpoB2.3000501.AP006618.1.4835199_4838688.4176","rpoB2",3000501,"AP006618 . 1","4835199_4838688",36640,"rpoB2","BAD59497.1","AP006618.1","rifamycin-resistant beta-subunit of RNA polymerase (rpoB)","peptide antibiotic;rifamycin antibiotic","antibiotic target alteration;antibiotic target replacement"
"AAC_3__IId.3004623.EU022314.1.0_861.5344","AAC_3__IId",3004623,"EU022314 . 1","0_861",42605,"AAC(3)-IId","ABS70977.1","EU022314.1","AAC(3)","aminoglycoside antibiotic","antibiotic inactivation"
"APH_3___Ia.3002641.BX664015.1.103017_103833.4475","APH_3___Ia",3002641,"BX664015 . 1","103017_103833",39041,"APH(3')-Ia","CAE51638.1","BX664015.1","APH(3')","aminoglycoside antibiotic","antibiotic inactivation"
"Mycoplasma_pneumoniae_23S.3004179.NR_077056.1.0_2905.4169","Mycoplasma_pneumoniae_23S",3004179,"NR_077056 . 1","0_2905",41331,"Mycoplasma pneumoniae 23S rRNA mutation conferring resistance to erythromycin",NA,"NR_077056.1","23S rRNA with mutation conferring resistance to macrolide antibiotics","glycopeptide antibiotic;lincosamide antibiotic;macrolide antibiotic;phenicol antibiotic;pleuromutilin antibiotic;streptogramin antibiotic","antibiotic target alteration"
"dfrA17.3002860.DQ838665.0_474.291","dfrA17",3002860,"DQ838665","0_474",39294,"dfrA17","ABG91835.1","DQ838665","trimethoprim resistant dihydrofolate reductase dfr","diaminopyrimidine antibiotic","antibiotic target replacement"
"APH_2____If.3004191.AY701528.1.9695_10589.4188","APH_2____If",3004191,"AY701528 . 1","9695_10589",41355,"APH(2'')-If","AAW34150.1","AY701528.1","APH(2'')","aminoglycoside antibiotic","antibiotic inactivation"
"CepA_49.3006226.NG_050387.1.101_1003.6819","CepA_49",3006226,"NG_050387 . 1","101_1003",44688,"CepA-49","WP_008659027.1","NG_050387.1","cepA beta-lactamase","cephalosporin","antibiotic inactivation"
"Mycobacteroides_chelonae_23S.3004165.GU143889.1.0_3113.4158","Mycobacteroides_chelonae_23S",3004165,"GU143889 . 1","0_3113",41313,"Mycobacteroides chelonae 23S rRNA with mutation conferring resistance to clarithromycin",NA,"GU143889.1","23S rRNA with mutation conferring resistance to macrolide antibiotics","glycopeptide antibiotic;lincosamide antibiotic;macrolide antibiotic;phenicol antibiotic;pleuromutilin antibiotic;streptogramin antibiotic","antibiotic target alteration"
"ACC_1.3001815.AJ133121.649_1810.856","ACC_1",3001815,"AJ133121","649_1810",38215,"ACC-1","CAB46491.1","AJ133121","ACC beta-lactamase","cephalosporin;monobactam;penam","antibiotic inactivation"
"OXA_63.3001764.AY619003.703_1510.1615","OXA_63",3001764,"AY619003","703_1510",38164,"OXA-63","AAU88145.1","AY619003","OXA beta-lactamase","carbapenem;cephalosporin;penam","antibiotic inactivation"
"lsaC.3003112.HM990671.5192_6671.76","lsaC",3003112,"HM990671","5192_6671",39688,"lsaC","AEA37904.1","HM990671","ABC-F ATP-binding cassette ribosomal protection protein","lincosamide antibiotic;macrolide antibiotic;oxazolidinone antibiotic;phenicol antibiotic;pleuromutilin antibiotic;streptogramin antibiotic;tetracycline antibiotic","antibiotic target protection"
"tet36.3000197.AJ514254.0_1923.374","tet36",3000197,"AJ514254","0_1923",36336,"tet36","CAD55718.1","AJ514254","tetracycline-resistant ribosomal protection protein","tetracycline antibiotic","antibiotic target protection"
"vanSD.3002934.EU999036.688_1390.3440","vanSD",3002934,"EU999036","688_1390",39368,"vanSD","ACM47284","EU999036","glycopeptide resistance gene cluster;vanS","glycopeptide antibiotic","antibiotic target alteration"
"Mycobacteroides_abscessus_16S.3003240.CU458896.1.1462398_1463901.3256","Mycobacteroides_abscessus_16S",3003240,"CU458896 . 1","1462398_1463901",39824,"Mycobacteroides abscessus 16S rRNA mutation conferring resistance to gentamicin",NA,"CU458896.1","16s rRNA with mutation conferring resistance to aminoglycoside antibiotics","aminoglycoside antibiotic;glycopeptide antibiotic;glycylcycline;nucleoside antibiotic;peptide antibiotic;tetracycline antibiotic","antibiotic target alteration"
"TEM_82.3000949.AF427128.208_1069.1162","TEM_82",3000949,"AF427128","208_1069",37329,"TEM-82","AAL29434.1","AF427128","TEM beta-lactamase","cephalosporin;monobactam;penam;penem","antibiotic inactivation"
"OXA_471.3003627.KR182164.1.0_810.5728","OXA_471",3003627,"KR182164 . 1","0_810",40237,"OXA-471","ALC79286.1","KR182164.1","OXA beta-lactamase","carbapenem;cephalosporin;penam","antibiotic inactivation"
"TEM_93.3000960.AJ318093.0_861.2039","TEM_93",3000960,"AJ318093","0_861",37340,"TEM-93","CAC85660.1","AJ318093","TEM beta-lactamase","cephalosporin;monobactam;penam;penem","antibiotic inactivation"
"AAC_6___Ie_APH_2____Ia.3002597.GU565967.1.24979_26419.5296","AAC_6___Ie_APH_2____Ia",3002597,"GU565967 . 1","24979_26419",38997,"AAC(6')-Ie-APH(2'')-Ia","AAA88548.1","GU565967.1","AAC(6');APH(2'')","aminoglycoside antibiotic","antibiotic inactivation"
"dfrA1.3002854.KJ541681.1.19526_20000.5109","dfrA1",3002854,"KJ541681 . 1","19526_20000",39288,"dfrA1","AAP74961.2","KJ541681.1","trimethoprim resistant dihydrofolate reductase dfr","diaminopyrimidine antibiotic","antibiotic target replacement"
"AAC_6___Ii.3002556.L12710.0_549.172","AAC_6___Ii",3002556,"L12710","0_549",38956,"AAC(6')-Ii","AAB63533.1","L12710","AAC(6')","aminoglycoside antibiotic","antibiotic inactivation"
"EC_8.3006881.NG_049086.1.101_1234.6970","EC_8",3006881,"NG_049086 . 1","101_1234",45343,"EC-8","WP_063860454.1","NG_049086.1","EC beta-lactamase","cephalosporin","antibiotic inactivation"
"TEM_95.3000962.AJ308558.181_1042.933","TEM_95",3000962,"AJ308558","181_1042",37342,"TEM-95","CAC67290.1","AJ308558","TEM beta-lactamase","cephalosporin;monobactam;penam;penem","antibiotic inactivation"
"emrE.3004039.Z11877.1.485_818.4413","emrE",3004039,"Z11877 . 1","485_818",41083,"Escherichia coli emrE","CAA77936.1","Z11877.1","small multidrug resistance (SMR) antibiotic efflux pump","macrolide antibiotic","antibiotic efflux"
"liaF.3003790.LN999844.1.1854250_1854982.4630","liaF",3003790,"LN999844 . 1","1854250_1854982",40475,"Enterococcus faecium liaF mutant conferring daptomycin resistance","CUX99269.1","LN999844.1","daptomycin resistant liaF","peptide antibiotic","antibiotic efflux;antibiotic target alteration"
"liaR.3003078.CP003583.914819_915452.40","liaR",3003078,"CP003583","914819_915452",39625,"Enterococcus faecium liaR mutant conferring daptomycin resistance","AFK58562.1","CP003583","daptomycin resistant liaR","peptide antibiotic","antibiotic efflux;antibiotic target alteration"
"tet_B_.3000166.AB089595.0_1206.325","tet_B_",3000166,"AB089595","0_1206",36305,"tet(B)","BAC67143.1","AB089595","major facilitator superfamily (MFS) antibiotic efflux pump","tetracycline antibiotic","antibiotic efflux"
"ANT_9__Ia.3002630.X02588.1.330_1113.6083","ANT_9__Ia",3002630,"X02588 . 1","330_1113",39030,"ANT(9)-Ia","CAA26428.1","X02588.1","ANT(9)","aminoglycoside antibiotic","antibiotic inactivation"
"Chlamydomonas_reinhardtii_23S.3004132.NC_005353.1.148590_151993.4139","Chlamydomonas_reinhardtii_23S",3004132,"NC_005353 . 1","148590_151993",41259,"Chlamydomonas reinhardtii 23S rRNA with mutation conferring resistance to erythromycin",NA,"NC_005353.1","23S rRNA with mutation conferring resistance to macrolide antibiotics","glycopeptide antibiotic;lincosamide antibiotic;macrolide antibiotic;phenicol antibiotic;pleuromutilin antibiotic;streptogramin antibiotic","antibiotic target alteration"
"TEM_34.3000904.KC292503.4334_5195.1160","TEM_34",3000904,"KC292503","4334_5195",37284,"TEM-34","AGE11905.1","KC292503","TEM beta-lactamase","cephalosporin;monobactam;penam;penem","antibiotic inactivation"
"CfiA11.3006907.NG_047630.1.101_850.6821","CfiA11",3006907,"NG_047630 . 1","101_850",45369,"CfiA11","WP_063843236.1","NG_047630.1","CfiA beta-lactamase","carbapenem","antibiotic inactivation"
"patB.3000025.AE005672.3.1980557_1982324.5129","patB",3000025,"AE005672 . 3","1980557_1982324",36034,"patB","AAK76136.1","AE005672.3","ATP-binding cassette (ABC) antibiotic efflux pump","fluoroquinolone antibiotic","antibiotic efflux"
"EreD.3004608.KP265721.1.331_1558.5235","EreD",3004608,"KP265721 . 1","331_1558",42572,"EreD","AKO71461.1","KP265721.1","macrolide esterase","macrolide antibiotic","antibiotic inactivation"
"OXA_472.3003628.KR182165.1.0_807.5729","OXA_472",3003628,"KR182165 . 1","0_807",40238,"OXA-472","ALC79287.1","KR182165.1","OXA beta-lactamase","carbapenem;cephalosporin;penam","antibiotic inactivation"
"CfiA27.3006918.NG_071228.1.1_750.6832","CfiA27",3006918,"NG_071228 . 1","1_750",45380,"CfiA27","WP_197749418.1","NG_071228.1","CfiA beta-lactamase","carbapenem","antibiotic inactivation"
"ampC.3004290.U00096.3.4377810_4378944.5393","ampC",3004290,"U00096 . 3","4377810_4378944",41454,"Escherichia coli ampC beta-lactamase","AAC77110.1","U00096.3","ampC-type beta-lactamase","cephalosporin;penam","antibiotic inactivation"
"OXA_786.3005989.NG_063887.1.1_744.7469","OXA_786",3005989,"NG_063887 . 1","1_744",44451,"OXA-786","WP_128268279.1","NG_063887.1","OXA beta-lactamase","carbapenem;cephalosporin;penam","antibiotic inactivation"
"ACT_45.3006240.NG_050708.1.1_1146.6511","ACT_45",3006240,"NG_050708 . 1","1_1146",44702,"ACT-45","WP_032608349.1","NG_050708.1","ACT beta-lactamase","carbapenem;cephalosporin;cephamycin;penam","antibiotic inactivation"
"eatAv.3003761.KF010779.1.0_1503.3626","eatAv",3003761,"KF010779 . 1","0_1503",40408,"eatAv","AGQ48857.1","KF010779.1","ABC-F ATP-binding cassette ribosomal protection protein","lincosamide antibiotic;macrolide antibiotic;oxazolidinone antibiotic;phenicol antibiotic;pleuromutilin antibiotic;streptogramin antibiotic;tetracycline antibiotic","antibiotic target protection"
"liaS.3003079.CP003583.913745_914813.37","liaS",3003079,"CP003583","913745_914813",39626,"Enterococcus faecium liaS mutant conferring daptomycin resistance","AFK58561.1","CP003583","daptomycin resistant liaS","peptide antibiotic","antibiotic efflux;antibiotic target alteration"
"EC_16.3006877.NG_049082.1.101_1234.6966","EC_16",3006877,"NG_049082 . 1","101_1234",45339,"EC-16","WP_063860248.1","NG_049082.1","EC beta-lactamase","cephalosporin","antibiotic inactivation"
"apmA.3003918.FN806789.3.2693_3518.3717","apmA",3003918,"FN806789 . 3","2693_3518",40626,"apmA","CBL58181.1","FN806789.3","amp acetyltransferase","aminoglycoside antibiotic","antibiotic inactivation"
"mef_B_.3003107.FJ196385.1.11083_12313.4728","mef_B_",3003107,"FJ196385 . 1","11083_12313",39681,"mef(B)","ACJ63262.1","FJ196385.1","major facilitator superfamily (MFS) antibiotic efflux pump","macrolide antibiotic","antibiotic efflux"
"sul3.3000413.FJ196385.8531_9323.4494","sul3",3000413,"FJ196385","8531_9323",36552,"sul3","ACJ63260.1","FJ196385","sulfonamide resistant sul","sulfonamide antibiotic;sulfone antibiotic","antibiotic target replacement"
"cfr_B_.3004649.HG002396.1.5272_6322.5492","cfr_B_",3004649,"HG002396 . 1","5272_6322",42670,"cfr(B)","CDF47262.1","HG002396.1","Cfr 23S ribosomal RNA methyltransferase","lincosamide antibiotic;oxazolidinone antibiotic;phenicol antibiotic;streptogramin antibiotic","antibiotic target alteration"
"APH_2____Ig.3002669.CP004067.1.43007_43928.4749","APH_2____Ig",3002669,"CP004067 . 1","43007_43928",39069,"APH(2'')-Ig","AGV10818.1","CP004067.1","APH(2'')","aminoglycoside antibiotic","antibiotic inactivation"
"ACT_4.3001829.EU427302.1475_2618.1813","ACT_4",3001829,"EU427302","1475_2618",38229,"ACT-4","ABZ81086.1","EU427302","ACT beta-lactamase","carbapenem;cephalosporin;cephamycin;penam","antibiotic inactivation"
"ACT_7.3001830.FJ237368.0_1146.759","ACT_7",3001830,"FJ237368","0_1146",38230,"ACT-7","ACJ05688.1","FJ237368","ACT beta-lactamase","carbapenem;cephalosporin;cephamycin;penam","antibiotic inactivation"
"gyrA.3004334.AE006468.2.2373709_2376346.5394","gyrA",3004334,"AE006468 . 2","2373709_2376346",41502,"Salmonella enterica gyrA with mutation conferring resistance to triclosan","AAL21173.1","AE006468.2","triclosan resistant gyrA","triclosan","antibiotic target alteration"
"TEM_187.3001047.HM246246.211_1069.1956","TEM_187",3001047,"HM246246","211_1069",37427,"TEM-187","ADM61585.1","HM246246","TEM beta-lactamase","cephalosporin;monobactam;penam;penem","antibiotic inactivation"
"tet_L_.3000179.M11036.0_1377.518","tet_L_",3000179,"M11036","0_1377",36318,"tet(L)","AAA22851.1","M11036","major facilitator superfamily (MFS) antibiotic efflux pump","tetracycline antibiotic","antibiotic efflux"
"AAC_3__IV.3002539.DQ241380.1.0_777.3715","AAC_3__IV",3002539,"DQ241380 . 1","0_777",38939,"AAC(3)-IV","ABB43029.1","DQ241380.1","AAC(3)","aminoglycoside antibiotic","antibiotic inactivation"
"APH_4__Ia.3002655.V01499.230_1256.221","APH_4__Ia",3002655,"V01499","230_1256",39055,"APH(4)-Ia","CAA24743.1","V01499","APH(4)","aminoglycoside antibiotic","antibiotic inactivation"
"TEM_90.3000957.AF351241.89_950.1804","TEM_90",3000957,"AF351241","89_950",37337,"TEM-90","AAK30619.1","AF351241","TEM beta-lactamase","cephalosporin;monobactam;penam;penem","antibiotic inactivation"
"aadA13.3002613.EU746499.1.639_1437.5258","aadA13",3002613,"EU746499 . 1","639_1437",39013,"aadA13","ABW91178.1","EU746499.1","ANT(3'')","aminoglycoside antibiotic","antibiotic inactivation"
"ACT_38.3003655.KP836350.1.0_1146.5243","ACT_38",3003655,"KP836350 . 1","0_1146",40265,"ACT-38","AKS43590.1","KP836350.1","ACT beta-lactamase","carbapenem;cephalosporin;cephamycin;penam","antibiotic inactivation"
"ACT_39.3006234.NG_048626.1.1_1146.6505","ACT_39",3006234,"NG_048626 . 1","1_1146",44696,"ACT-39","WP_063857782.1","NG_048626.1","ACT beta-lactamase","carbapenem;cephalosporin;cephamycin;penam","antibiotic inactivation"
"CMY_90.3002103.HE819404.0_1146.1444","CMY_90",3002103,"HE819404","0_1146",38503,"CMY-90","CCK86743.1","HE819404","CMY beta-lactamase","cephamycin","antibiotic inactivation"
"dfrA8.3002863.KJ174469.710_1220.568","dfrA8",3002863,"KJ174469","710_1220",39297,"dfrA8","AHV80711.1","KJ174469","trimethoprim resistant dihydrofolate reductase dfr","diaminopyrimidine antibiotic","antibiotic target replacement"
"dfrA26.3002857.AM403715.302_854.111","dfrA26",3002857,"AM403715","302_854",39291,"dfrA26","CAL48457.1","AM403715","trimethoprim resistant dihydrofolate reductase dfr","diaminopyrimidine antibiotic","antibiotic target replacement"
"tet_D_.3000168.AF467077.1.163_1348.5131","tet_D_",3000168,"AF467077 . 1","163_1348",36307,"tet(D)","AAL75563.1","AF467077.1","major facilitator superfamily (MFS) antibiotic efflux pump","tetracycline antibiotic","antibiotic efflux"
"SHV_70.3001124.DQ013287.0_861.1485","SHV_70",3001124,"DQ013287","0_861",37504,"SHV-70","AAY42633.1","DQ013287","SHV beta-lactamase","carbapenem;cephalosporin;penam","antibiotic inactivation"
"EC_19.3006879.NG_049084.1.101_1234.6968","EC_19",3006879,"NG_049084 . 1","101_1234",45341,"EC-19","WP_063860263.1","NG_049084.1","EC beta-lactamase","cephalosporin","antibiotic inactivation"
"TEM_40.3000910.FR717535.0_861.1247","TEM_40",3000910,"FR717535","0_861",37290,"TEM-40","CBX53726.1","FR717535","TEM beta-lactamase","cephalosporin;monobactam;penam;penem","antibiotic inactivation"
"aadA17.3002617.FJ460181.1790_2582.160","aadA17",3002617,"FJ460181","1790_2582",39017,"aadA17","ACK43806.1","FJ460181","ANT(3'')","aminoglycoside antibiotic","antibiotic inactivation"
"dfrA12.3002858.GU585907.1.21605_22103.5110","dfrA12",3002858,"GU585907 . 1","21605_22103",39292,"dfrA12","ADG84870.1","GU585907.1","trimethoprim resistant dihydrofolate reductase dfr","diaminopyrimidine antibiotic","antibiotic target replacement"
"dfrE.3002875.AIIS01000002.1.233812_234307.4696","dfrE",3002875,"AIIS01000002 . 1","233812_234307",39309,"dfrE","EOD99669.1","AIIS01000002.1","trimethoprim resistant dihydrofolate reductase dfr","diaminopyrimidine antibiotic","antibiotic target replacement"
"CMY_169.3006461.NG_067136.1.1_1131.6851","CMY_169",3006461,"NG_067136 . 1","1_1131",44923,"CMY-169","WP_156404647.1","NG_067136.1","CMY beta-lactamase","cephamycin","antibiotic inactivation"
"plasmid_encoded_cat__pp_cat_.3002689.D16171.382_1042.486","plasmid_encoded_cat__pp_cat_",3002689,"D16171","382_1042",39123,"plasmid-encoded cat (pp-cat)","BAA03718.1","D16171","chloramphenicol acetyltransferase (CAT)","phenicol antibiotic","antibiotic inactivation"
"CfiA19.3006911.NG_054664.1.1_750.6825","CfiA19",3006911,"NG_054664 . 1","1_750",45373,"CfiA19","WP_085562383.1","NG_054664.1","CfiA beta-lactamase","carbapenem","antibiotic inactivation"
"Tet_X6_.3005056.MN507533.1.36121_37258.6092","Tet_X6_",3005056,"MN507533 . 1","36121_37258",43257,"Tet(X6)","QIM09823.1","MN507533.1","tetracycline inactivation enzyme","tetracycline antibiotic","antibiotic inactivation"
"CfiA22.3006914.NG_054668.1.1_750.6828","CfiA22",3006914,"NG_054668 . 1","1_750",45376,"CfiA22","WP_085562385.1","NG_054668.1","CfiA beta-lactamase","carbapenem","antibiotic inactivation"
"CfiA14.3006908.NG_050390.1.101_850.6822","CfiA14",3006908,"NG_050390 . 1","101_850",45370,"CfiA14","WP_005780969.1","NG_050390.1","CfiA beta-lactamase","carbapenem","antibiotic inactivation"
